-- MariaDB dump 10.19  Distrib 10.4.32-MariaDB, for Win64 (AMD64)
--
-- Host: localhost    Database: palestra
-- ------------------------------------------------------
-- Server version	10.4.32-MariaDB

/*!40101 SET @OLD_CHARACTER_SET_CLIENT=@@CHARACTER_SET_CLIENT */;
/*!40101 SET @OLD_CHARACTER_SET_RESULTS=@@CHARACTER_SET_RESULTS */;
/*!40101 SET @OLD_COLLATION_CONNECTION=@@COLLATION_CONNECTION */;
/*!40101 SET NAMES utf8mb4 */;
/*!40103 SET @OLD_TIME_ZONE=@@TIME_ZONE */;
/*!40103 SET TIME_ZONE='+00:00' */;
/*!40014 SET @OLD_UNIQUE_CHECKS=@@UNIQUE_CHECKS, UNIQUE_CHECKS=0 */;
/*!40014 SET @OLD_FOREIGN_KEY_CHECKS=@@FOREIGN_KEY_CHECKS, FOREIGN_KEY_CHECKS=0 */;
/*!40101 SET @OLD_SQL_MODE=@@SQL_MODE, SQL_MODE='NO_AUTO_VALUE_ON_ZERO' */;
/*!40111 SET @OLD_SQL_NOTES=@@SQL_NOTES, SQL_NOTES=0 */;

--
-- Table structure for table `anamnesi`
--

DROP TABLE IF EXISTS `anamnesi`;
/*!40101 SET @saved_cs_client     = @@character_set_client */;
/*!40101 SET character_set_client = utf8 */;
CREATE TABLE `anamnesi` (
  `id_anamnesi` int(11) NOT NULL AUTO_INCREMENT,
  `data_anamnesi` date NOT NULL,
  `peso` decimal(5,2) NOT NULL CHECK (`peso` > 0),
  `altezza` decimal(5,2) NOT NULL CHECK (`altezza` > 0),
  `massa_muscolare` decimal(5,2) NOT NULL CHECK (`massa_muscolare` >= 0),
  `massa_magra` decimal(5,2) NOT NULL CHECK (`massa_magra` >= 0),
  `massa_grassa` decimal(5,2) NOT NULL CHECK (`massa_grassa` >= 0),
  `utente` int(11) NOT NULL,
  `coach` int(11) DEFAULT NULL,
  PRIMARY KEY (`id_anamnesi`),
  KEY `utente` (`utente`),
  KEY `coach` (`coach`),
  CONSTRAINT `anamnesi_ibfk_1` FOREIGN KEY (`utente`) REFERENCES `utente` (`id_utente`) ON DELETE CASCADE ON UPDATE CASCADE,
  CONSTRAINT `anamnesi_ibfk_2` FOREIGN KEY (`coach`) REFERENCES `coach` (`id_coach`) ON DELETE SET NULL ON UPDATE CASCADE
) ENGINE=InnoDB AUTO_INCREMENT=501 DEFAULT CHARSET=utf8mb4 COLLATE=utf8mb4_general_ci;
/*!40101 SET character_set_client = @saved_cs_client */;

--
-- Dumping data for table `anamnesi`
--

LOCK TABLES `anamnesi` WRITE;
/*!40000 ALTER TABLE `anamnesi` DISABLE KEYS */;
INSERT INTO `anamnesi` VALUES (1,'2025-12-28',71.00,180.00,35.00,55.00,15.00,1,1),(2,'2025-10-29',78.00,180.00,35.00,55.00,15.00,1,1),(3,'2025-08-30',77.00,180.00,35.00,55.00,15.00,1,1),(4,'2025-07-01',66.00,180.00,35.00,55.00,15.00,1,1),(5,'2025-05-02',68.00,180.00,35.00,55.00,15.00,1,1),(6,'2025-12-28',68.00,180.00,35.00,55.00,15.00,2,2),(7,'2025-10-29',79.00,180.00,35.00,55.00,15.00,2,2),(8,'2025-08-30',81.00,180.00,35.00,55.00,15.00,2,2),(9,'2025-07-01',75.00,180.00,35.00,55.00,15.00,2,2),(10,'2025-05-02',68.00,180.00,35.00,55.00,15.00,2,2),(11,'2025-12-28',76.00,180.00,35.00,55.00,15.00,3,2),(12,'2025-10-29',76.00,180.00,35.00,55.00,15.00,3,2),(13,'2025-08-30',68.00,180.00,35.00,55.00,15.00,3,2),(14,'2025-07-01',79.00,180.00,35.00,55.00,15.00,3,2),(15,'2025-05-02',77.00,180.00,35.00,55.00,15.00,3,2),(16,'2025-12-28',81.00,180.00,35.00,55.00,15.00,4,5),(17,'2025-10-29',65.00,180.00,35.00,55.00,15.00,4,5),(18,'2025-08-30',73.00,180.00,35.00,55.00,15.00,4,5),(19,'2025-07-01',77.00,180.00,35.00,55.00,15.00,4,5),(20,'2025-05-02',72.00,180.00,35.00,55.00,15.00,4,5),(21,'2025-12-28',72.00,180.00,35.00,55.00,15.00,5,3),(22,'2025-10-29',65.00,180.00,35.00,55.00,15.00,5,3),(23,'2025-08-30',71.00,180.00,35.00,55.00,15.00,5,3),(24,'2025-07-01',78.00,180.00,35.00,55.00,15.00,5,3),(25,'2025-05-02',80.00,180.00,35.00,55.00,15.00,5,3),(26,'2025-12-28',81.00,180.00,35.00,55.00,15.00,6,3),(27,'2025-10-29',81.00,180.00,35.00,55.00,15.00,6,3),(28,'2025-08-30',77.00,180.00,35.00,55.00,15.00,6,3),(29,'2025-07-01',84.00,180.00,35.00,55.00,15.00,6,3),(30,'2025-05-02',75.00,180.00,35.00,55.00,15.00,6,3),(31,'2025-12-28',75.00,180.00,35.00,55.00,15.00,7,2),(32,'2025-10-29',65.00,180.00,35.00,55.00,15.00,7,2),(33,'2025-08-30',72.00,180.00,35.00,55.00,15.00,7,2),(34,'2025-07-01',83.00,180.00,35.00,55.00,15.00,7,2),(35,'2025-05-02',65.00,180.00,35.00,55.00,15.00,7,2),(36,'2025-12-28',77.00,180.00,35.00,55.00,15.00,8,1),(37,'2025-10-29',85.00,180.00,35.00,55.00,15.00,8,1),(38,'2025-08-30',69.00,180.00,35.00,55.00,15.00,8,1),(39,'2025-07-01',77.00,180.00,35.00,55.00,15.00,8,1),(40,'2025-05-02',77.00,180.00,35.00,55.00,15.00,8,1),(41,'2025-12-28',66.00,180.00,35.00,55.00,15.00,9,4),(42,'2025-10-29',78.00,180.00,35.00,55.00,15.00,9,4),(43,'2025-08-30',79.00,180.00,35.00,55.00,15.00,9,4),(44,'2025-07-01',81.00,180.00,35.00,55.00,15.00,9,4),(45,'2025-05-02',73.00,180.00,35.00,55.00,15.00,9,4),(46,'2025-12-28',73.00,180.00,35.00,55.00,15.00,10,5),(47,'2025-10-29',70.00,180.00,35.00,55.00,15.00,10,5),(48,'2025-08-30',68.00,180.00,35.00,55.00,15.00,10,5),(49,'2025-07-01',74.00,180.00,35.00,55.00,15.00,10,5),(50,'2025-05-02',72.00,180.00,35.00,55.00,15.00,10,5),(51,'2025-12-28',85.00,180.00,35.00,55.00,15.00,11,5),(52,'2025-10-29',79.00,180.00,35.00,55.00,15.00,11,5),(53,'2025-08-30',66.00,180.00,35.00,55.00,15.00,11,5),(54,'2025-07-01',65.00,180.00,35.00,55.00,15.00,11,5),(55,'2025-05-02',67.00,180.00,35.00,55.00,15.00,11,5),(56,'2025-12-28',71.00,180.00,35.00,55.00,15.00,12,1),(57,'2025-10-29',71.00,180.00,35.00,55.00,15.00,12,1),(58,'2025-08-30',81.00,180.00,35.00,55.00,15.00,12,1),(59,'2025-07-01',70.00,180.00,35.00,55.00,15.00,12,1),(60,'2025-05-02',75.00,180.00,35.00,55.00,15.00,12,1),(61,'2025-12-28',77.00,180.00,35.00,55.00,15.00,13,4),(62,'2025-10-29',77.00,180.00,35.00,55.00,15.00,13,4),(63,'2025-08-30',67.00,180.00,35.00,55.00,15.00,13,4),(64,'2025-07-01',80.00,180.00,35.00,55.00,15.00,13,4),(65,'2025-05-02',74.00,180.00,35.00,55.00,15.00,13,4),(66,'2025-12-28',68.00,180.00,35.00,55.00,15.00,14,1),(67,'2025-10-29',74.00,180.00,35.00,55.00,15.00,14,1),(68,'2025-08-30',83.00,180.00,35.00,55.00,15.00,14,1),(69,'2025-07-01',78.00,180.00,35.00,55.00,15.00,14,1),(70,'2025-05-02',76.00,180.00,35.00,55.00,15.00,14,1),(71,'2025-12-28',82.00,180.00,35.00,55.00,15.00,15,3),(72,'2025-10-29',80.00,180.00,35.00,55.00,15.00,15,3),(73,'2025-08-30',75.00,180.00,35.00,55.00,15.00,15,3),(74,'2025-07-01',85.00,180.00,35.00,55.00,15.00,15,3),(75,'2025-05-02',75.00,180.00,35.00,55.00,15.00,15,3),(76,'2025-12-28',69.00,180.00,35.00,55.00,15.00,16,1),(77,'2025-10-29',70.00,180.00,35.00,55.00,15.00,16,1),(78,'2025-08-30',80.00,180.00,35.00,55.00,15.00,16,1),(79,'2025-07-01',65.00,180.00,35.00,55.00,15.00,16,1),(80,'2025-05-02',77.00,180.00,35.00,55.00,15.00,16,1),(81,'2025-12-28',69.00,180.00,35.00,55.00,15.00,17,3),(82,'2025-10-29',72.00,180.00,35.00,55.00,15.00,17,3),(83,'2025-08-30',80.00,180.00,35.00,55.00,15.00,17,3),(84,'2025-07-01',72.00,180.00,35.00,55.00,15.00,17,3),(85,'2025-05-02',67.00,180.00,35.00,55.00,15.00,17,3),(86,'2025-12-28',68.00,180.00,35.00,55.00,15.00,18,3),(87,'2025-10-29',75.00,180.00,35.00,55.00,15.00,18,3),(88,'2025-08-30',82.00,180.00,35.00,55.00,15.00,18,3),(89,'2025-07-01',65.00,180.00,35.00,55.00,15.00,18,3),(90,'2025-05-02',80.00,180.00,35.00,55.00,15.00,18,3),(91,'2025-12-28',81.00,180.00,35.00,55.00,15.00,19,2),(92,'2025-10-29',75.00,180.00,35.00,55.00,15.00,19,2),(93,'2025-08-30',85.00,180.00,35.00,55.00,15.00,19,2),(94,'2025-07-01',85.00,180.00,35.00,55.00,15.00,19,2),(95,'2025-05-02',69.00,180.00,35.00,55.00,15.00,19,2),(96,'2025-12-28',74.00,180.00,35.00,55.00,15.00,20,1),(97,'2025-10-29',71.00,180.00,35.00,55.00,15.00,20,1),(98,'2025-08-30',70.00,180.00,35.00,55.00,15.00,20,1),(99,'2025-07-01',76.00,180.00,35.00,55.00,15.00,20,1),(100,'2025-05-02',80.00,180.00,35.00,55.00,15.00,20,1),(101,'2025-12-28',68.00,180.00,35.00,55.00,15.00,21,1),(102,'2025-10-29',79.00,180.00,35.00,55.00,15.00,21,1),(103,'2025-08-30',72.00,180.00,35.00,55.00,15.00,21,1),(104,'2025-07-01',69.00,180.00,35.00,55.00,15.00,21,1),(105,'2025-05-02',73.00,180.00,35.00,55.00,15.00,21,1),(106,'2025-12-28',70.00,180.00,35.00,55.00,15.00,22,1),(107,'2025-10-29',65.00,180.00,35.00,55.00,15.00,22,1),(108,'2025-08-30',70.00,180.00,35.00,55.00,15.00,22,1),(109,'2025-07-01',78.00,180.00,35.00,55.00,15.00,22,1),(110,'2025-05-02',82.00,180.00,35.00,55.00,15.00,22,1),(111,'2025-12-28',72.00,180.00,35.00,55.00,15.00,23,4),(112,'2025-10-29',71.00,180.00,35.00,55.00,15.00,23,4),(113,'2025-08-30',78.00,180.00,35.00,55.00,15.00,23,4),(114,'2025-07-01',72.00,180.00,35.00,55.00,15.00,23,4),(115,'2025-05-02',82.00,180.00,35.00,55.00,15.00,23,4),(116,'2025-12-28',69.00,180.00,35.00,55.00,15.00,24,4),(117,'2025-10-29',84.00,180.00,35.00,55.00,15.00,24,4),(118,'2025-08-30',85.00,180.00,35.00,55.00,15.00,24,4),(119,'2025-07-01',79.00,180.00,35.00,55.00,15.00,24,4),(120,'2025-05-02',67.00,180.00,35.00,55.00,15.00,24,4),(121,'2025-12-28',84.00,180.00,35.00,55.00,15.00,25,5),(122,'2025-10-29',85.00,180.00,35.00,55.00,15.00,25,5),(123,'2025-08-30',85.00,180.00,35.00,55.00,15.00,25,5),(124,'2025-07-01',80.00,180.00,35.00,55.00,15.00,25,5),(125,'2025-05-02',70.00,180.00,35.00,55.00,15.00,25,5),(126,'2025-12-28',79.00,180.00,35.00,55.00,15.00,26,1),(127,'2025-10-29',82.00,180.00,35.00,55.00,15.00,26,1),(128,'2025-08-30',82.00,180.00,35.00,55.00,15.00,26,1),(129,'2025-07-01',83.00,180.00,35.00,55.00,15.00,26,1),(130,'2025-05-02',79.00,180.00,35.00,55.00,15.00,26,1),(131,'2025-12-28',65.00,180.00,35.00,55.00,15.00,27,3),(132,'2025-10-29',70.00,180.00,35.00,55.00,15.00,27,3),(133,'2025-08-30',77.00,180.00,35.00,55.00,15.00,27,3),(134,'2025-07-01',80.00,180.00,35.00,55.00,15.00,27,3),(135,'2025-05-02',80.00,180.00,35.00,55.00,15.00,27,3),(136,'2025-12-28',84.00,180.00,35.00,55.00,15.00,28,1),(137,'2025-10-29',79.00,180.00,35.00,55.00,15.00,28,1),(138,'2025-08-30',77.00,180.00,35.00,55.00,15.00,28,1),(139,'2025-07-01',72.00,180.00,35.00,55.00,15.00,28,1),(140,'2025-05-02',85.00,180.00,35.00,55.00,15.00,28,1),(141,'2025-12-28',77.00,180.00,35.00,55.00,15.00,29,5),(142,'2025-10-29',79.00,180.00,35.00,55.00,15.00,29,5),(143,'2025-08-30',70.00,180.00,35.00,55.00,15.00,29,5),(144,'2025-07-01',78.00,180.00,35.00,55.00,15.00,29,5),(145,'2025-05-02',72.00,180.00,35.00,55.00,15.00,29,5),(146,'2025-12-28',75.00,180.00,35.00,55.00,15.00,30,2),(147,'2025-10-29',66.00,180.00,35.00,55.00,15.00,30,2),(148,'2025-08-30',68.00,180.00,35.00,55.00,15.00,30,2),(149,'2025-07-01',65.00,180.00,35.00,55.00,15.00,30,2),(150,'2025-05-02',68.00,180.00,35.00,55.00,15.00,30,2),(151,'2025-12-28',68.00,180.00,35.00,55.00,15.00,31,2),(152,'2025-10-29',79.00,180.00,35.00,55.00,15.00,31,2),(153,'2025-08-30',71.00,180.00,35.00,55.00,15.00,31,2),(154,'2025-07-01',79.00,180.00,35.00,55.00,15.00,31,2),(155,'2025-05-02',66.00,180.00,35.00,55.00,15.00,31,2),(156,'2025-12-28',69.00,180.00,35.00,55.00,15.00,32,3),(157,'2025-10-29',73.00,180.00,35.00,55.00,15.00,32,3),(158,'2025-08-30',65.00,180.00,35.00,55.00,15.00,32,3),(159,'2025-07-01',78.00,180.00,35.00,55.00,15.00,32,3),(160,'2025-05-02',75.00,180.00,35.00,55.00,15.00,32,3),(161,'2025-12-28',77.00,180.00,35.00,55.00,15.00,33,3),(162,'2025-10-29',73.00,180.00,35.00,55.00,15.00,33,3),(163,'2025-08-30',75.00,180.00,35.00,55.00,15.00,33,3),(164,'2025-07-01',73.00,180.00,35.00,55.00,15.00,33,3),(165,'2025-05-02',83.00,180.00,35.00,55.00,15.00,33,3),(166,'2025-12-28',74.00,180.00,35.00,55.00,15.00,34,5),(167,'2025-10-29',77.00,180.00,35.00,55.00,15.00,34,5),(168,'2025-08-30',82.00,180.00,35.00,55.00,15.00,34,5),(169,'2025-07-01',75.00,180.00,35.00,55.00,15.00,34,5),(170,'2025-05-02',79.00,180.00,35.00,55.00,15.00,34,5),(171,'2025-12-28',83.00,180.00,35.00,55.00,15.00,35,5),(172,'2025-10-29',79.00,180.00,35.00,55.00,15.00,35,5),(173,'2025-08-30',69.00,180.00,35.00,55.00,15.00,35,5),(174,'2025-07-01',68.00,180.00,35.00,55.00,15.00,35,5),(175,'2025-05-02',70.00,180.00,35.00,55.00,15.00,35,5),(176,'2025-12-28',82.00,180.00,35.00,55.00,15.00,36,3),(177,'2025-10-29',68.00,180.00,35.00,55.00,15.00,36,3),(178,'2025-08-30',71.00,180.00,35.00,55.00,15.00,36,3),(179,'2025-07-01',75.00,180.00,35.00,55.00,15.00,36,3),(180,'2025-05-02',81.00,180.00,35.00,55.00,15.00,36,3),(181,'2025-12-28',84.00,180.00,35.00,55.00,15.00,37,1),(182,'2025-10-29',79.00,180.00,35.00,55.00,15.00,37,1),(183,'2025-08-30',70.00,180.00,35.00,55.00,15.00,37,1),(184,'2025-07-01',71.00,180.00,35.00,55.00,15.00,37,1),(185,'2025-05-02',82.00,180.00,35.00,55.00,15.00,37,1),(186,'2025-12-28',81.00,180.00,35.00,55.00,15.00,38,5),(187,'2025-10-29',71.00,180.00,35.00,55.00,15.00,38,5),(188,'2025-08-30',84.00,180.00,35.00,55.00,15.00,38,5),(189,'2025-07-01',75.00,180.00,35.00,55.00,15.00,38,5),(190,'2025-05-02',81.00,180.00,35.00,55.00,15.00,38,5),(191,'2025-12-28',85.00,180.00,35.00,55.00,15.00,39,2),(192,'2025-10-29',83.00,180.00,35.00,55.00,15.00,39,2),(193,'2025-08-30',65.00,180.00,35.00,55.00,15.00,39,2),(194,'2025-07-01',67.00,180.00,35.00,55.00,15.00,39,2),(195,'2025-05-02',83.00,180.00,35.00,55.00,15.00,39,2),(196,'2025-12-28',80.00,180.00,35.00,55.00,15.00,40,4),(197,'2025-10-29',80.00,180.00,35.00,55.00,15.00,40,4),(198,'2025-08-30',75.00,180.00,35.00,55.00,15.00,40,4),(199,'2025-07-01',77.00,180.00,35.00,55.00,15.00,40,4),(200,'2025-05-02',85.00,180.00,35.00,55.00,15.00,40,4),(201,'2025-12-28',65.00,180.00,35.00,55.00,15.00,41,2),(202,'2025-10-29',72.00,180.00,35.00,55.00,15.00,41,2),(203,'2025-08-30',79.00,180.00,35.00,55.00,15.00,41,2),(204,'2025-07-01',75.00,180.00,35.00,55.00,15.00,41,2),(205,'2025-05-02',79.00,180.00,35.00,55.00,15.00,41,2),(206,'2025-12-28',67.00,180.00,35.00,55.00,15.00,42,1),(207,'2025-10-29',66.00,180.00,35.00,55.00,15.00,42,1),(208,'2025-08-30',67.00,180.00,35.00,55.00,15.00,42,1),(209,'2025-07-01',70.00,180.00,35.00,55.00,15.00,42,1),(210,'2025-05-02',65.00,180.00,35.00,55.00,15.00,42,1),(211,'2025-12-28',84.00,180.00,35.00,55.00,15.00,43,4),(212,'2025-10-29',70.00,180.00,35.00,55.00,15.00,43,4),(213,'2025-08-30',78.00,180.00,35.00,55.00,15.00,43,4),(214,'2025-07-01',70.00,180.00,35.00,55.00,15.00,43,4),(215,'2025-05-02',82.00,180.00,35.00,55.00,15.00,43,4),(216,'2025-12-28',67.00,180.00,35.00,55.00,15.00,44,5),(217,'2025-10-29',76.00,180.00,35.00,55.00,15.00,44,5),(218,'2025-08-30',70.00,180.00,35.00,55.00,15.00,44,5),(219,'2025-07-01',85.00,180.00,35.00,55.00,15.00,44,5),(220,'2025-05-02',67.00,180.00,35.00,55.00,15.00,44,5),(221,'2025-12-28',73.00,180.00,35.00,55.00,15.00,45,4),(222,'2025-10-29',66.00,180.00,35.00,55.00,15.00,45,4),(223,'2025-08-30',70.00,180.00,35.00,55.00,15.00,45,4),(224,'2025-07-01',65.00,180.00,35.00,55.00,15.00,45,4),(225,'2025-05-02',81.00,180.00,35.00,55.00,15.00,45,4),(226,'2025-12-28',78.00,180.00,35.00,55.00,15.00,46,2),(227,'2025-10-29',80.00,180.00,35.00,55.00,15.00,46,2),(228,'2025-08-30',78.00,180.00,35.00,55.00,15.00,46,2),(229,'2025-07-01',74.00,180.00,35.00,55.00,15.00,46,2),(230,'2025-05-02',75.00,180.00,35.00,55.00,15.00,46,2),(231,'2025-12-28',67.00,180.00,35.00,55.00,15.00,47,5),(232,'2025-10-29',82.00,180.00,35.00,55.00,15.00,47,5),(233,'2025-08-30',73.00,180.00,35.00,55.00,15.00,47,5),(234,'2025-07-01',79.00,180.00,35.00,55.00,15.00,47,5),(235,'2025-05-02',70.00,180.00,35.00,55.00,15.00,47,5),(236,'2025-12-28',79.00,180.00,35.00,55.00,15.00,48,2),(237,'2025-10-29',68.00,180.00,35.00,55.00,15.00,48,2),(238,'2025-08-30',71.00,180.00,35.00,55.00,15.00,48,2),(239,'2025-07-01',83.00,180.00,35.00,55.00,15.00,48,2),(240,'2025-05-02',78.00,180.00,35.00,55.00,15.00,48,2),(241,'2025-12-28',67.00,180.00,35.00,55.00,15.00,49,1),(242,'2025-10-29',68.00,180.00,35.00,55.00,15.00,49,1),(243,'2025-08-30',84.00,180.00,35.00,55.00,15.00,49,1),(244,'2025-07-01',71.00,180.00,35.00,55.00,15.00,49,1),(245,'2025-05-02',82.00,180.00,35.00,55.00,15.00,49,1),(246,'2025-12-28',77.00,180.00,35.00,55.00,15.00,50,2),(247,'2025-10-29',77.00,180.00,35.00,55.00,15.00,50,2),(248,'2025-08-30',81.00,180.00,35.00,55.00,15.00,50,2),(249,'2025-07-01',77.00,180.00,35.00,55.00,15.00,50,2),(250,'2025-05-02',70.00,180.00,35.00,55.00,15.00,50,2),(251,'2025-12-28',67.00,180.00,35.00,55.00,15.00,51,5),(252,'2025-10-29',70.00,180.00,35.00,55.00,15.00,51,5),(253,'2025-08-30',78.00,180.00,35.00,55.00,15.00,51,5),(254,'2025-07-01',71.00,180.00,35.00,55.00,15.00,51,5),(255,'2025-05-02',81.00,180.00,35.00,55.00,15.00,51,5),(256,'2025-12-28',75.00,180.00,35.00,55.00,15.00,52,2),(257,'2025-10-29',79.00,180.00,35.00,55.00,15.00,52,2),(258,'2025-08-30',78.00,180.00,35.00,55.00,15.00,52,2),(259,'2025-07-01',79.00,180.00,35.00,55.00,15.00,52,2),(260,'2025-05-02',74.00,180.00,35.00,55.00,15.00,52,2),(261,'2025-12-28',78.00,180.00,35.00,55.00,15.00,53,4),(262,'2025-10-29',72.00,180.00,35.00,55.00,15.00,53,4),(263,'2025-08-30',82.00,180.00,35.00,55.00,15.00,53,4),(264,'2025-07-01',69.00,180.00,35.00,55.00,15.00,53,4),(265,'2025-05-02',67.00,180.00,35.00,55.00,15.00,53,4),(266,'2025-12-28',82.00,180.00,35.00,55.00,15.00,54,2),(267,'2025-10-29',78.00,180.00,35.00,55.00,15.00,54,2),(268,'2025-08-30',65.00,180.00,35.00,55.00,15.00,54,2),(269,'2025-07-01',65.00,180.00,35.00,55.00,15.00,54,2),(270,'2025-05-02',82.00,180.00,35.00,55.00,15.00,54,2),(271,'2025-12-28',66.00,180.00,35.00,55.00,15.00,55,5),(272,'2025-10-29',67.00,180.00,35.00,55.00,15.00,55,5),(273,'2025-08-30',84.00,180.00,35.00,55.00,15.00,55,5),(274,'2025-07-01',73.00,180.00,35.00,55.00,15.00,55,5),(275,'2025-05-02',71.00,180.00,35.00,55.00,15.00,55,5),(276,'2025-12-28',82.00,180.00,35.00,55.00,15.00,56,2),(277,'2025-10-29',71.00,180.00,35.00,55.00,15.00,56,2),(278,'2025-08-30',79.00,180.00,35.00,55.00,15.00,56,2),(279,'2025-07-01',75.00,180.00,35.00,55.00,15.00,56,2),(280,'2025-05-02',78.00,180.00,35.00,55.00,15.00,56,2),(281,'2025-12-28',66.00,180.00,35.00,55.00,15.00,57,2),(282,'2025-10-29',65.00,180.00,35.00,55.00,15.00,57,2),(283,'2025-08-30',65.00,180.00,35.00,55.00,15.00,57,2),(284,'2025-07-01',78.00,180.00,35.00,55.00,15.00,57,2),(285,'2025-05-02',74.00,180.00,35.00,55.00,15.00,57,2),(286,'2025-12-28',84.00,180.00,35.00,55.00,15.00,58,3),(287,'2025-10-29',76.00,180.00,35.00,55.00,15.00,58,3),(288,'2025-08-30',85.00,180.00,35.00,55.00,15.00,58,3),(289,'2025-07-01',85.00,180.00,35.00,55.00,15.00,58,3),(290,'2025-05-02',69.00,180.00,35.00,55.00,15.00,58,3),(291,'2025-12-28',68.00,180.00,35.00,55.00,15.00,59,3),(292,'2025-10-29',80.00,180.00,35.00,55.00,15.00,59,3),(293,'2025-08-30',73.00,180.00,35.00,55.00,15.00,59,3),(294,'2025-07-01',81.00,180.00,35.00,55.00,15.00,59,3),(295,'2025-05-02',69.00,180.00,35.00,55.00,15.00,59,3),(296,'2025-12-28',85.00,180.00,35.00,55.00,15.00,60,5),(297,'2025-10-29',77.00,180.00,35.00,55.00,15.00,60,5),(298,'2025-08-30',68.00,180.00,35.00,55.00,15.00,60,5),(299,'2025-07-01',68.00,180.00,35.00,55.00,15.00,60,5),(300,'2025-05-02',75.00,180.00,35.00,55.00,15.00,60,5),(301,'2025-12-28',79.00,180.00,35.00,55.00,15.00,61,5),(302,'2025-10-29',73.00,180.00,35.00,55.00,15.00,61,5),(303,'2025-08-30',71.00,180.00,35.00,55.00,15.00,61,5),(304,'2025-07-01',70.00,180.00,35.00,55.00,15.00,61,5),(305,'2025-05-02',72.00,180.00,35.00,55.00,15.00,61,5),(306,'2025-12-28',82.00,180.00,35.00,55.00,15.00,62,3),(307,'2025-10-29',83.00,180.00,35.00,55.00,15.00,62,3),(308,'2025-08-30',74.00,180.00,35.00,55.00,15.00,62,3),(309,'2025-07-01',71.00,180.00,35.00,55.00,15.00,62,3),(310,'2025-05-02',84.00,180.00,35.00,55.00,15.00,62,3),(311,'2025-12-28',74.00,180.00,35.00,55.00,15.00,63,1),(312,'2025-10-29',72.00,180.00,35.00,55.00,15.00,63,1),(313,'2025-08-30',83.00,180.00,35.00,55.00,15.00,63,1),(314,'2025-07-01',84.00,180.00,35.00,55.00,15.00,63,1),(315,'2025-05-02',68.00,180.00,35.00,55.00,15.00,63,1),(316,'2025-12-28',67.00,180.00,35.00,55.00,15.00,64,3),(317,'2025-10-29',77.00,180.00,35.00,55.00,15.00,64,3),(318,'2025-08-30',70.00,180.00,35.00,55.00,15.00,64,3),(319,'2025-07-01',67.00,180.00,35.00,55.00,15.00,64,3),(320,'2025-05-02',75.00,180.00,35.00,55.00,15.00,64,3),(321,'2025-12-28',76.00,180.00,35.00,55.00,15.00,65,2),(322,'2025-10-29',73.00,180.00,35.00,55.00,15.00,65,2),(323,'2025-08-30',78.00,180.00,35.00,55.00,15.00,65,2),(324,'2025-07-01',66.00,180.00,35.00,55.00,15.00,65,2),(325,'2025-05-02',82.00,180.00,35.00,55.00,15.00,65,2),(326,'2025-12-28',75.00,180.00,35.00,55.00,15.00,66,2),(327,'2025-10-29',70.00,180.00,35.00,55.00,15.00,66,2),(328,'2025-08-30',81.00,180.00,35.00,55.00,15.00,66,2),(329,'2025-07-01',76.00,180.00,35.00,55.00,15.00,66,2),(330,'2025-05-02',76.00,180.00,35.00,55.00,15.00,66,2),(331,'2025-12-28',79.00,180.00,35.00,55.00,15.00,67,1),(332,'2025-10-29',76.00,180.00,35.00,55.00,15.00,67,1),(333,'2025-08-30',65.00,180.00,35.00,55.00,15.00,67,1),(334,'2025-07-01',70.00,180.00,35.00,55.00,15.00,67,1),(335,'2025-05-02',66.00,180.00,35.00,55.00,15.00,67,1),(336,'2025-12-28',74.00,180.00,35.00,55.00,15.00,68,1),(337,'2025-10-29',66.00,180.00,35.00,55.00,15.00,68,1),(338,'2025-08-30',79.00,180.00,35.00,55.00,15.00,68,1),(339,'2025-07-01',67.00,180.00,35.00,55.00,15.00,68,1),(340,'2025-05-02',75.00,180.00,35.00,55.00,15.00,68,1),(341,'2025-12-28',72.00,180.00,35.00,55.00,15.00,69,4),(342,'2025-10-29',81.00,180.00,35.00,55.00,15.00,69,4),(343,'2025-08-30',78.00,180.00,35.00,55.00,15.00,69,4),(344,'2025-07-01',67.00,180.00,35.00,55.00,15.00,69,4),(345,'2025-05-02',67.00,180.00,35.00,55.00,15.00,69,4),(346,'2025-12-28',65.00,180.00,35.00,55.00,15.00,70,3),(347,'2025-10-29',77.00,180.00,35.00,55.00,15.00,70,3),(348,'2025-08-30',82.00,180.00,35.00,55.00,15.00,70,3),(349,'2025-07-01',73.00,180.00,35.00,55.00,15.00,70,3),(350,'2025-05-02',75.00,180.00,35.00,55.00,15.00,70,3),(351,'2025-12-28',77.00,180.00,35.00,55.00,15.00,71,4),(352,'2025-10-29',85.00,180.00,35.00,55.00,15.00,71,4),(353,'2025-08-30',70.00,180.00,35.00,55.00,15.00,71,4),(354,'2025-07-01',67.00,180.00,35.00,55.00,15.00,71,4),(355,'2025-05-02',77.00,180.00,35.00,55.00,15.00,71,4),(356,'2025-12-28',71.00,180.00,35.00,55.00,15.00,72,5),(357,'2025-10-29',73.00,180.00,35.00,55.00,15.00,72,5),(358,'2025-08-30',77.00,180.00,35.00,55.00,15.00,72,5),(359,'2025-07-01',68.00,180.00,35.00,55.00,15.00,72,5),(360,'2025-05-02',65.00,180.00,35.00,55.00,15.00,72,5),(361,'2025-12-28',77.00,180.00,35.00,55.00,15.00,73,2),(362,'2025-10-29',84.00,180.00,35.00,55.00,15.00,73,2),(363,'2025-08-30',84.00,180.00,35.00,55.00,15.00,73,2),(364,'2025-07-01',73.00,180.00,35.00,55.00,15.00,73,2),(365,'2025-05-02',67.00,180.00,35.00,55.00,15.00,73,2),(366,'2025-12-28',65.00,180.00,35.00,55.00,15.00,74,5),(367,'2025-10-29',84.00,180.00,35.00,55.00,15.00,74,5),(368,'2025-08-30',76.00,180.00,35.00,55.00,15.00,74,5),(369,'2025-07-01',76.00,180.00,35.00,55.00,15.00,74,5),(370,'2025-05-02',72.00,180.00,35.00,55.00,15.00,74,5),(371,'2025-12-28',67.00,180.00,35.00,55.00,15.00,75,3),(372,'2025-10-29',75.00,180.00,35.00,55.00,15.00,75,3),(373,'2025-08-30',75.00,180.00,35.00,55.00,15.00,75,3),(374,'2025-07-01',67.00,180.00,35.00,55.00,15.00,75,3),(375,'2025-05-02',70.00,180.00,35.00,55.00,15.00,75,3),(376,'2025-12-28',75.00,180.00,35.00,55.00,15.00,76,2),(377,'2025-10-29',70.00,180.00,35.00,55.00,15.00,76,2),(378,'2025-08-30',84.00,180.00,35.00,55.00,15.00,76,2),(379,'2025-07-01',79.00,180.00,35.00,55.00,15.00,76,2),(380,'2025-05-02',66.00,180.00,35.00,55.00,15.00,76,2),(381,'2025-12-28',81.00,180.00,35.00,55.00,15.00,77,4),(382,'2025-10-29',69.00,180.00,35.00,55.00,15.00,77,4),(383,'2025-08-30',80.00,180.00,35.00,55.00,15.00,77,4),(384,'2025-07-01',81.00,180.00,35.00,55.00,15.00,77,4),(385,'2025-05-02',84.00,180.00,35.00,55.00,15.00,77,4),(386,'2025-12-28',66.00,180.00,35.00,55.00,15.00,78,3),(387,'2025-10-29',66.00,180.00,35.00,55.00,15.00,78,3),(388,'2025-08-30',83.00,180.00,35.00,55.00,15.00,78,3),(389,'2025-07-01',85.00,180.00,35.00,55.00,15.00,78,3),(390,'2025-05-02',82.00,180.00,35.00,55.00,15.00,78,3),(391,'2025-12-28',74.00,180.00,35.00,55.00,15.00,79,1),(392,'2025-10-29',84.00,180.00,35.00,55.00,15.00,79,1),(393,'2025-08-30',79.00,180.00,35.00,55.00,15.00,79,1),(394,'2025-07-01',69.00,180.00,35.00,55.00,15.00,79,1),(395,'2025-05-02',66.00,180.00,35.00,55.00,15.00,79,1),(396,'2025-12-28',84.00,180.00,35.00,55.00,15.00,80,5),(397,'2025-10-29',77.00,180.00,35.00,55.00,15.00,80,5),(398,'2025-08-30',65.00,180.00,35.00,55.00,15.00,80,5),(399,'2025-07-01',81.00,180.00,35.00,55.00,15.00,80,5),(400,'2025-05-02',81.00,180.00,35.00,55.00,15.00,80,5),(401,'2025-12-28',80.00,180.00,35.00,55.00,15.00,81,4),(402,'2025-10-29',69.00,180.00,35.00,55.00,15.00,81,4),(403,'2025-08-30',79.00,180.00,35.00,55.00,15.00,81,4),(404,'2025-07-01',69.00,180.00,35.00,55.00,15.00,81,4),(405,'2025-05-02',85.00,180.00,35.00,55.00,15.00,81,4),(406,'2025-12-28',65.00,180.00,35.00,55.00,15.00,82,3),(407,'2025-10-29',79.00,180.00,35.00,55.00,15.00,82,3),(408,'2025-08-30',77.00,180.00,35.00,55.00,15.00,82,3),(409,'2025-07-01',76.00,180.00,35.00,55.00,15.00,82,3),(410,'2025-05-02',70.00,180.00,35.00,55.00,15.00,82,3),(411,'2025-12-28',84.00,180.00,35.00,55.00,15.00,83,4),(412,'2025-10-29',76.00,180.00,35.00,55.00,15.00,83,4),(413,'2025-08-30',85.00,180.00,35.00,55.00,15.00,83,4),(414,'2025-07-01',70.00,180.00,35.00,55.00,15.00,83,4),(415,'2025-05-02',69.00,180.00,35.00,55.00,15.00,83,4),(416,'2025-12-28',68.00,180.00,35.00,55.00,15.00,84,3),(417,'2025-10-29',76.00,180.00,35.00,55.00,15.00,84,3),(418,'2025-08-30',77.00,180.00,35.00,55.00,15.00,84,3),(419,'2025-07-01',70.00,180.00,35.00,55.00,15.00,84,3),(420,'2025-05-02',79.00,180.00,35.00,55.00,15.00,84,3),(421,'2025-12-28',74.00,180.00,35.00,55.00,15.00,85,1),(422,'2025-10-29',74.00,180.00,35.00,55.00,15.00,85,1),(423,'2025-08-30',85.00,180.00,35.00,55.00,15.00,85,1),(424,'2025-07-01',79.00,180.00,35.00,55.00,15.00,85,1),(425,'2025-05-02',85.00,180.00,35.00,55.00,15.00,85,1),(426,'2025-12-28',68.00,180.00,35.00,55.00,15.00,86,2),(427,'2025-10-29',68.00,180.00,35.00,55.00,15.00,86,2),(428,'2025-08-30',76.00,180.00,35.00,55.00,15.00,86,2),(429,'2025-07-01',78.00,180.00,35.00,55.00,15.00,86,2),(430,'2025-05-02',70.00,180.00,35.00,55.00,15.00,86,2),(431,'2025-12-28',66.00,180.00,35.00,55.00,15.00,87,1),(432,'2025-10-29',77.00,180.00,35.00,55.00,15.00,87,1),(433,'2025-08-30',66.00,180.00,35.00,55.00,15.00,87,1),(434,'2025-07-01',79.00,180.00,35.00,55.00,15.00,87,1),(435,'2025-05-02',82.00,180.00,35.00,55.00,15.00,87,1),(436,'2025-12-28',80.00,180.00,35.00,55.00,15.00,88,4),(437,'2025-10-29',69.00,180.00,35.00,55.00,15.00,88,4),(438,'2025-08-30',66.00,180.00,35.00,55.00,15.00,88,4),(439,'2025-07-01',78.00,180.00,35.00,55.00,15.00,88,4),(440,'2025-05-02',72.00,180.00,35.00,55.00,15.00,88,4),(441,'2025-12-28',84.00,180.00,35.00,55.00,15.00,89,5),(442,'2025-10-29',74.00,180.00,35.00,55.00,15.00,89,5),(443,'2025-08-30',82.00,180.00,35.00,55.00,15.00,89,5),(444,'2025-07-01',66.00,180.00,35.00,55.00,15.00,89,5),(445,'2025-05-02',71.00,180.00,35.00,55.00,15.00,89,5),(446,'2025-12-28',82.00,180.00,35.00,55.00,15.00,90,2),(447,'2025-10-29',74.00,180.00,35.00,55.00,15.00,90,2),(448,'2025-08-30',67.00,180.00,35.00,55.00,15.00,90,2),(449,'2025-07-01',73.00,180.00,35.00,55.00,15.00,90,2),(450,'2025-05-02',82.00,180.00,35.00,55.00,15.00,90,2),(451,'2025-12-28',75.00,180.00,35.00,55.00,15.00,91,1),(452,'2025-10-29',85.00,180.00,35.00,55.00,15.00,91,1),(453,'2025-08-30',75.00,180.00,35.00,55.00,15.00,91,1),(454,'2025-07-01',70.00,180.00,35.00,55.00,15.00,91,1),(455,'2025-05-02',74.00,180.00,35.00,55.00,15.00,91,1),(456,'2025-12-28',76.00,180.00,35.00,55.00,15.00,92,4),(457,'2025-10-29',65.00,180.00,35.00,55.00,15.00,92,4),(458,'2025-08-30',82.00,180.00,35.00,55.00,15.00,92,4),(459,'2025-07-01',75.00,180.00,35.00,55.00,15.00,92,4),(460,'2025-05-02',72.00,180.00,35.00,55.00,15.00,92,4),(461,'2025-12-28',83.00,180.00,35.00,55.00,15.00,93,1),(462,'2025-10-29',67.00,180.00,35.00,55.00,15.00,93,1),(463,'2025-08-30',82.00,180.00,35.00,55.00,15.00,93,1),(464,'2025-07-01',67.00,180.00,35.00,55.00,15.00,93,1),(465,'2025-05-02',68.00,180.00,35.00,55.00,15.00,93,1),(466,'2025-12-28',77.00,180.00,35.00,55.00,15.00,94,1),(467,'2025-10-29',68.00,180.00,35.00,55.00,15.00,94,1),(468,'2025-08-30',78.00,180.00,35.00,55.00,15.00,94,1),(469,'2025-07-01',70.00,180.00,35.00,55.00,15.00,94,1),(470,'2025-05-02',85.00,180.00,35.00,55.00,15.00,94,1),(471,'2025-12-28',77.00,180.00,35.00,55.00,15.00,95,2),(472,'2025-10-29',83.00,180.00,35.00,55.00,15.00,95,2),(473,'2025-08-30',70.00,180.00,35.00,55.00,15.00,95,2),(474,'2025-07-01',70.00,180.00,35.00,55.00,15.00,95,2),(475,'2025-05-02',77.00,180.00,35.00,55.00,15.00,95,2),(476,'2025-12-28',70.00,180.00,35.00,55.00,15.00,96,4),(477,'2025-10-29',70.00,180.00,35.00,55.00,15.00,96,4),(478,'2025-08-30',83.00,180.00,35.00,55.00,15.00,96,4),(479,'2025-07-01',70.00,180.00,35.00,55.00,15.00,96,4),(480,'2025-05-02',78.00,180.00,35.00,55.00,15.00,96,4),(481,'2025-12-28',79.00,180.00,35.00,55.00,15.00,97,3),(482,'2025-10-29',84.00,180.00,35.00,55.00,15.00,97,3),(483,'2025-08-30',81.00,180.00,35.00,55.00,15.00,97,3),(484,'2025-07-01',78.00,180.00,35.00,55.00,15.00,97,3),(485,'2025-05-02',70.00,180.00,35.00,55.00,15.00,97,3),(486,'2025-12-28',68.00,180.00,35.00,55.00,15.00,98,2),(487,'2025-10-29',81.00,180.00,35.00,55.00,15.00,98,2),(488,'2025-08-30',72.00,180.00,35.00,55.00,15.00,98,2),(489,'2025-07-01',69.00,180.00,35.00,55.00,15.00,98,2),(490,'2025-05-02',78.00,180.00,35.00,55.00,15.00,98,2),(491,'2025-12-28',73.00,180.00,35.00,55.00,15.00,99,1),(492,'2025-10-29',72.00,180.00,35.00,55.00,15.00,99,1),(493,'2025-08-30',69.00,180.00,35.00,55.00,15.00,99,1),(494,'2025-07-01',66.00,180.00,35.00,55.00,15.00,99,1),(495,'2025-05-02',65.00,180.00,35.00,55.00,15.00,99,1),(496,'2025-12-28',66.00,180.00,35.00,55.00,15.00,100,5),(497,'2025-10-29',78.00,180.00,35.00,55.00,15.00,100,5),(498,'2025-08-30',84.00,180.00,35.00,55.00,15.00,100,5),(499,'2025-07-01',67.00,180.00,35.00,55.00,15.00,100,5),(500,'2025-05-02',81.00,180.00,35.00,55.00,15.00,100,5);
/*!40000 ALTER TABLE `anamnesi` ENABLE KEYS */;
UNLOCK TABLES;

--
-- Table structure for table `coach`
--

DROP TABLE IF EXISTS `coach`;
/*!40101 SET @saved_cs_client     = @@character_set_client */;
/*!40101 SET character_set_client = utf8 */;
CREATE TABLE `coach` (
  `id_coach` int(11) NOT NULL AUTO_INCREMENT,
  `nome` varchar(32) NOT NULL,
  `cognome` varchar(32) NOT NULL,
  `data_nascita` date NOT NULL,
  `telefono` varchar(16) NOT NULL,
  `email` varchar(64) NOT NULL,
  `password` varchar(255) NOT NULL,
  PRIMARY KEY (`id_coach`),
  UNIQUE KEY `telefono` (`telefono`),
  UNIQUE KEY `email` (`email`)
) ENGINE=InnoDB AUTO_INCREMENT=6 DEFAULT CHARSET=utf8mb4 COLLATE=utf8mb4_general_ci;
/*!40101 SET character_set_client = @saved_cs_client */;

--
-- Dumping data for table `coach`
--

LOCK TABLES `coach` WRITE;
/*!40000 ALTER TABLE `coach` DISABLE KEYS */;
INSERT INTO `coach` VALUES (1,'Pierpaolo','Salanitro','2001-04-12','3351029384','pier.sala@gym.it','$2y$10$bkB49vHQHZhUkCaawFNft.1VfbHj8cJCAco.oe4PqAUqvlibaikSe'),(2,'Giuseppe','Pirretta','1986-03-04','3284756102','pino.sciani@gym.it','$2y$10$F/6ygFUKCVCtvbecF9xVJ.Xvsq2362TKeQ95Z/X9wXuxOr.6jgFXu'),(3,'Elena','Bianchi','1990-06-25','3405968273','elena.bianchi@gym.it','$2y$10$rrGP2mffU742W9ALCDcQOO1vXQFN81RmJJYvrdHBpSevnwoCwCzde'),(4,'Francesca','Neri','1995-02-14','3928473625','francesca.neri@gym.it','$2y$10$vrreSNPN/6zEGdP5QwHn8Ok8y7GUdXoM0IqZIPuJF8WGGwrQJcT/S'),(5,'Alessandro','Verdi','1988-08-30','3391029384','alessandro.verdi@gym.it','$2y$10$6aj7cSF1eT1nDimXG72YouFp1JdB7rP.B6pJy/u.dPz3xvUZwzDOi');
/*!40000 ALTER TABLE `coach` ENABLE KEYS */;
UNLOCK TABLES;

--
-- Table structure for table `corso`
--

DROP TABLE IF EXISTS `corso`;
/*!40101 SET @saved_cs_client     = @@character_set_client */;
/*!40101 SET character_set_client = utf8 */;
CREATE TABLE `corso` (
  `id_corso` int(11) NOT NULL AUTO_INCREMENT,
  `nome_corso` varchar(64) NOT NULL,
  PRIMARY KEY (`id_corso`),
  UNIQUE KEY `nome_corso` (`nome_corso`)
) ENGINE=InnoDB AUTO_INCREMENT=21 DEFAULT CHARSET=utf8mb4 COLLATE=utf8mb4_general_ci;
/*!40101 SET character_set_client = @saved_cs_client */;

--
-- Dumping data for table `corso`
--

LOCK TABLES `corso` WRITE;
/*!40000 ALTER TABLE `corso` DISABLE KEYS */;
INSERT INTO `corso` VALUES (19,'Addominali'),(10,'BodyPump'),(7,'Calisthenics'),(17,'Circuit'),(1,'CrossFit'),(8,'Functional'),(11,'HIIT'),(5,'Kickboxing'),(14,'Krav Maga'),(20,'Mobility'),(3,'Pilates'),(13,'Posturale'),(6,'Powerlifting'),(15,'Pugilato'),(4,'Spinning'),(18,'Step'),(16,'Stretching'),(12,'TRX'),(2,'Yoga'),(9,'Zumba');
/*!40000 ALTER TABLE `corso` ENABLE KEYS */;
UNLOCK TABLES;

--
-- Table structure for table `esercizio`
--

DROP TABLE IF EXISTS `esercizio`;
/*!40101 SET @saved_cs_client     = @@character_set_client */;
/*!40101 SET character_set_client = utf8 */;
CREATE TABLE `esercizio` (
  `id_esercizio` int(11) NOT NULL AUTO_INCREMENT,
  `nome_esercizio` varchar(64) NOT NULL,
  `gruppo_muscolare` varchar(64) NOT NULL,
  PRIMARY KEY (`id_esercizio`),
  UNIQUE KEY `nome_esercizio` (`nome_esercizio`)
) ENGINE=InnoDB AUTO_INCREMENT=31 DEFAULT CHARSET=utf8mb4 COLLATE=utf8mb4_general_ci;
/*!40101 SET character_set_client = @saved_cs_client */;

--
-- Dumping data for table `esercizio`
--

LOCK TABLES `esercizio` WRITE;
/*!40000 ALTER TABLE `esercizio` DISABLE KEYS */;
INSERT INTO `esercizio` VALUES (1,'Panca Piana','Pettorali'),(2,'Squat','Gambe'),(3,'Stacchi','Dorsali'),(4,'Military Press','Spalle'),(5,'Lat Machine','Dorsali'),(6,'Curl Bicipiti','Bicipiti'),(7,'Pushdown','Tricipiti'),(8,'Plank','Addome'),(9,'Affondi','Gambe'),(10,'Trazioni alla sbarra','Dorsali'),(11,'Dips','Tricipiti'),(12,'Panca Inclinata','Pettorali'),(13,'Leg Extension','Gambe'),(14,'Leg Curl','Gambe'),(15,'Alzate Laterali','Spalle'),(16,'Rematore','Dorsali'),(17,'Chest Press','Pettorali'),(18,'Face Pull','Spalle'),(19,'Crunch','Addome'),(20,'Calf Raise','Gambe'),(21,'Hyperextension','Lombari'),(22,'Russian Twist','Addome'),(23,'Burpees','Full Body'),(24,'Skull Crusher','Tricipiti'),(25,'Hammer Curl','Bicipiti'),(26,'Step Up','Gambe'),(27,'Croci Cavi','Pettorali'),(28,'Pulley','Dorsali'),(29,'Arnold Press','Spalle'),(30,'Pec Deck','Pettorali');
/*!40000 ALTER TABLE `esercizio` ENABLE KEYS */;
UNLOCK TABLES;

--
-- Table structure for table `partecipa`
--

DROP TABLE IF EXISTS `partecipa`;
/*!40101 SET @saved_cs_client     = @@character_set_client */;
/*!40101 SET character_set_client = utf8 */;
CREATE TABLE `partecipa` (
  `id_partecipa` int(11) NOT NULL AUTO_INCREMENT,
  `corso` int(11) NOT NULL,
  `utente` int(11) NOT NULL,
  PRIMARY KEY (`id_partecipa`),
  UNIQUE KEY `corso` (`corso`,`utente`),
  KEY `utente` (`utente`),
  CONSTRAINT `partecipa_ibfk_1` FOREIGN KEY (`corso`) REFERENCES `corso` (`id_corso`) ON DELETE CASCADE ON UPDATE CASCADE,
  CONSTRAINT `partecipa_ibfk_2` FOREIGN KEY (`utente`) REFERENCES `utente` (`id_utente`) ON DELETE CASCADE ON UPDATE CASCADE
) ENGINE=InnoDB AUTO_INCREMENT=11 DEFAULT CHARSET=utf8mb4 COLLATE=utf8mb4_general_ci;
/*!40101 SET character_set_client = @saved_cs_client */;

--
-- Dumping data for table `partecipa`
--

LOCK TABLES `partecipa` WRITE;
/*!40000 ALTER TABLE `partecipa` DISABLE KEYS */;
INSERT INTO `partecipa` VALUES (9,2,7),(4,5,54),(8,6,7),(2,8,1),(5,8,54),(1,10,1),(10,18,7),(3,19,54),(6,19,57),(7,20,57);
/*!40000 ALTER TABLE `partecipa` ENABLE KEYS */;
UNLOCK TABLES;

--
-- Table structure for table `prevede`
--

DROP TABLE IF EXISTS `prevede`;
/*!40101 SET @saved_cs_client     = @@character_set_client */;
/*!40101 SET character_set_client = utf8 */;
CREATE TABLE `prevede` (
  `id_prevede` int(11) NOT NULL AUTO_INCREMENT,
  `serie` int(11) NOT NULL CHECK (`serie` > 0),
  `ripetizioni` int(11) NOT NULL CHECK (`ripetizioni` > 0),
  `carico` decimal(5,2) NOT NULL CHECK (`carico` >= 0),
  `recupero` int(11) NOT NULL CHECK (`recupero` >= 0),
  `sessione_allenamento` int(11) NOT NULL,
  `esercizio` int(11) NOT NULL,
  PRIMARY KEY (`id_prevede`),
  KEY `sessione_allenamento` (`sessione_allenamento`),
  KEY `esercizio` (`esercizio`),
  CONSTRAINT `prevede_ibfk_1` FOREIGN KEY (`sessione_allenamento`) REFERENCES `sessione_allenamento` (`id_sessione_allenamento`) ON DELETE CASCADE ON UPDATE CASCADE,
  CONSTRAINT `prevede_ibfk_2` FOREIGN KEY (`esercizio`) REFERENCES `esercizio` (`id_esercizio`) ON DELETE CASCADE ON UPDATE CASCADE
) ENGINE=InnoDB AUTO_INCREMENT=4501 DEFAULT CHARSET=utf8mb4 COLLATE=utf8mb4_general_ci;
/*!40101 SET character_set_client = @saved_cs_client */;

--
-- Dumping data for table `prevede`
--

LOCK TABLES `prevede` WRITE;
/*!40000 ALTER TABLE `prevede` DISABLE KEYS */;
INSERT INTO `prevede` VALUES (1,4,12,34.00,90,1,26),(2,4,12,59.00,90,1,21),(3,4,12,41.00,90,1,13),(4,4,12,31.00,90,1,11),(5,4,12,56.00,90,1,12),(6,4,12,41.00,90,2,14),(7,4,12,36.00,90,2,5),(8,4,12,30.00,90,2,16),(9,4,12,15.00,90,2,23),(10,4,12,38.00,90,2,16),(11,4,12,15.00,90,3,10),(12,4,12,51.00,90,3,27),(13,4,12,43.00,90,3,6),(14,4,12,35.00,90,3,6),(15,4,12,21.00,90,3,30),(16,4,12,32.00,90,4,22),(17,4,12,60.00,90,4,2),(18,4,12,26.00,90,4,17),(19,4,12,57.00,90,4,7),(20,4,12,22.00,90,4,11),(21,4,12,36.00,90,5,19),(22,4,12,33.00,90,5,26),(23,4,12,39.00,90,5,9),(24,4,12,50.00,90,5,15),(25,4,12,50.00,90,5,18),(26,4,12,23.00,90,6,24),(27,4,12,45.00,90,6,14),(28,4,12,53.00,90,6,12),(29,4,12,11.00,90,6,19),(30,4,12,31.00,90,6,15),(31,4,12,51.00,90,7,1),(32,4,12,29.00,90,7,21),(33,4,12,22.00,90,7,5),(34,4,12,38.00,90,7,21),(35,4,12,39.00,90,7,14),(36,4,12,12.00,90,8,20),(37,4,12,46.00,90,8,5),(38,4,12,53.00,90,8,18),(39,4,12,48.00,90,8,25),(40,4,12,17.00,90,8,18),(41,4,12,39.00,90,9,4),(42,4,12,59.00,90,9,29),(43,4,12,50.00,90,9,26),(44,4,12,36.00,90,9,4),(45,4,12,60.00,90,9,10),(46,4,12,34.00,90,10,19),(47,4,12,30.00,90,10,30),(48,4,12,37.00,90,10,28),(49,4,12,43.00,90,10,7),(50,4,12,46.00,90,10,25),(51,4,12,12.00,90,11,21),(52,4,12,50.00,90,11,1),(53,4,12,47.00,90,11,25),(54,4,12,10.00,90,11,9),(55,4,12,21.00,90,11,14),(56,4,12,56.00,90,12,12),(57,4,12,23.00,90,12,23),(58,4,12,35.00,90,12,23),(59,4,12,60.00,90,12,20),(60,4,12,45.00,90,12,16),(61,4,12,12.00,90,13,14),(62,4,12,39.00,90,13,4),(63,4,12,38.00,90,13,6),(64,4,12,39.00,90,13,29),(65,4,12,23.00,90,13,22),(66,4,12,23.00,90,14,24),(67,4,12,45.00,90,14,23),(68,4,12,43.00,90,14,13),(69,4,12,22.00,90,14,2),(70,4,12,27.00,90,14,7),(71,4,12,25.00,90,15,8),(72,4,12,52.00,90,15,10),(73,4,12,59.00,90,15,1),(74,4,12,21.00,90,15,4),(75,4,12,18.00,90,15,20),(76,4,12,48.00,90,16,23),(77,4,12,31.00,90,16,7),(78,4,12,47.00,90,16,18),(79,4,12,21.00,90,16,25),(80,4,12,47.00,90,16,13),(81,4,12,22.00,90,17,18),(82,4,12,54.00,90,17,30),(83,4,12,26.00,90,17,15),(84,4,12,20.00,90,17,23),(85,4,12,56.00,90,17,18),(86,4,12,12.00,90,18,16),(87,4,12,53.00,90,18,15),(88,4,12,35.00,90,18,20),(89,4,12,40.00,90,18,26),(90,4,12,55.00,90,18,27),(91,4,12,48.00,90,19,22),(92,4,12,40.00,90,19,7),(93,4,12,14.00,90,19,11),(94,4,12,52.00,90,19,12),(95,4,12,24.00,90,19,7),(96,4,12,32.00,90,20,9),(97,4,12,49.00,90,20,13),(98,4,12,40.00,90,20,16),(99,4,12,35.00,90,20,1),(100,4,12,43.00,90,20,27),(101,4,12,34.00,90,21,26),(102,4,12,60.00,90,21,7),(103,4,12,24.00,90,21,4),(104,4,12,52.00,90,21,25),(105,4,12,35.00,90,21,17),(106,4,12,59.00,90,22,7),(107,4,12,32.00,90,22,4),(108,4,12,19.00,90,22,8),(109,4,12,27.00,90,22,24),(110,4,12,48.00,90,22,3),(111,4,12,31.00,90,23,26),(112,4,12,47.00,90,23,1),(113,4,12,57.00,90,23,6),(114,4,12,41.00,90,23,9),(115,4,12,49.00,90,23,18),(116,4,12,27.00,90,24,30),(117,4,12,29.00,90,24,13),(118,4,12,48.00,90,24,4),(119,4,12,18.00,90,24,18),(120,4,12,57.00,90,24,23),(121,4,12,39.00,90,25,24),(122,4,12,13.00,90,25,2),(123,4,12,54.00,90,25,15),(124,4,12,26.00,90,25,10),(125,4,12,51.00,90,25,3),(126,4,12,42.00,90,26,22),(127,4,12,12.00,90,26,25),(128,4,12,55.00,90,26,28),(129,4,12,24.00,90,26,17),(130,4,12,51.00,90,26,7),(131,4,12,14.00,90,27,28),(132,4,12,30.00,90,27,12),(133,4,12,41.00,90,27,14),(134,4,12,56.00,90,27,27),(135,4,12,11.00,90,27,6),(136,4,12,20.00,90,28,7),(137,4,12,50.00,90,28,14),(138,4,12,49.00,90,28,21),(139,4,12,21.00,90,28,28),(140,4,12,10.00,90,28,23),(141,4,12,17.00,90,29,3),(142,4,12,51.00,90,29,1),(143,4,12,46.00,90,29,27),(144,4,12,34.00,90,29,1),(145,4,12,50.00,90,29,28),(146,4,12,46.00,90,30,12),(147,4,12,26.00,90,30,17),(148,4,12,29.00,90,30,5),(149,4,12,48.00,90,30,7),(150,4,12,29.00,90,30,17),(151,4,12,31.00,90,31,14),(152,4,12,26.00,90,31,18),(153,4,12,53.00,90,31,8),(154,4,12,30.00,90,31,22),(155,4,12,30.00,90,31,18),(156,4,12,15.00,90,32,3),(157,4,12,40.00,90,32,15),(158,4,12,11.00,90,32,20),(159,4,12,22.00,90,32,22),(160,4,12,15.00,90,32,29),(161,4,12,11.00,90,33,15),(162,4,12,13.00,90,33,4),(163,4,12,34.00,90,33,11),(164,4,12,37.00,90,33,16),(165,4,12,15.00,90,33,14),(166,4,12,14.00,90,34,14),(167,4,12,34.00,90,34,18),(168,4,12,28.00,90,34,26),(169,4,12,37.00,90,34,18),(170,4,12,46.00,90,34,20),(171,4,12,59.00,90,35,30),(172,4,12,36.00,90,35,10),(173,4,12,53.00,90,35,18),(174,4,12,13.00,90,35,27),(175,4,12,53.00,90,35,19),(176,4,12,13.00,90,36,5),(177,4,12,26.00,90,36,8),(178,4,12,60.00,90,36,9),(179,4,12,16.00,90,36,16),(180,4,12,39.00,90,36,28),(181,4,12,16.00,90,37,24),(182,4,12,19.00,90,37,2),(183,4,12,19.00,90,37,4),(184,4,12,22.00,90,37,4),(185,4,12,17.00,90,37,30),(186,4,12,26.00,90,38,28),(187,4,12,52.00,90,38,7),(188,4,12,11.00,90,38,29),(189,4,12,46.00,90,38,25),(190,4,12,55.00,90,38,15),(191,4,12,29.00,90,39,18),(192,4,12,49.00,90,39,24),(193,4,12,16.00,90,39,27),(194,4,12,58.00,90,39,21),(195,4,12,12.00,90,39,4),(196,4,12,10.00,90,40,30),(197,4,12,57.00,90,40,21),(198,4,12,37.00,90,40,7),(199,4,12,11.00,90,40,14),(200,4,12,28.00,90,40,24),(201,4,12,26.00,90,41,10),(202,4,12,39.00,90,41,10),(203,4,12,60.00,90,41,14),(204,4,12,52.00,90,41,11),(205,4,12,26.00,90,41,25),(206,4,12,40.00,90,42,6),(207,4,12,30.00,90,42,5),(208,4,12,43.00,90,42,24),(209,4,12,29.00,90,42,28),(210,4,12,26.00,90,42,24),(211,4,12,47.00,90,43,20),(212,4,12,50.00,90,43,4),(213,4,12,49.00,90,43,15),(214,4,12,10.00,90,43,11),(215,4,12,35.00,90,43,20),(216,4,12,21.00,90,44,11),(217,4,12,20.00,90,44,26),(218,4,12,16.00,90,44,21),(219,4,12,50.00,90,44,11),(220,4,12,38.00,90,44,16),(221,4,12,28.00,90,45,5),(222,4,12,15.00,90,45,11),(223,4,12,22.00,90,45,3),(224,4,12,51.00,90,45,20),(225,4,12,35.00,90,45,21),(226,4,12,21.00,90,46,13),(227,4,12,28.00,90,46,1),(228,4,12,13.00,90,46,3),(229,4,12,17.00,90,46,14),(230,4,12,21.00,90,46,29),(231,4,12,40.00,90,47,10),(232,4,12,38.00,90,47,27),(233,4,12,34.00,90,47,11),(234,4,12,49.00,90,47,2),(235,4,12,46.00,90,47,24),(236,4,12,53.00,90,48,10),(237,4,12,40.00,90,48,9),(238,4,12,21.00,90,48,15),(239,4,12,11.00,90,48,13),(240,4,12,18.00,90,48,12),(241,4,12,19.00,90,49,17),(242,4,12,60.00,90,49,30),(243,4,12,59.00,90,49,19),(244,4,12,21.00,90,49,24),(245,4,12,33.00,90,49,9),(246,4,12,33.00,90,50,21),(247,4,12,33.00,90,50,6),(248,4,12,56.00,90,50,20),(249,4,12,43.00,90,50,9),(250,4,12,38.00,90,50,12),(251,4,12,57.00,90,51,15),(252,4,12,41.00,90,51,30),(253,4,12,39.00,90,51,24),(254,4,12,20.00,90,51,20),(255,4,12,40.00,90,51,11),(256,4,12,55.00,90,52,27),(257,4,12,42.00,90,52,28),(258,4,12,12.00,90,52,13),(259,4,12,40.00,90,52,6),(260,4,12,23.00,90,52,25),(261,4,12,39.00,90,53,10),(262,4,12,40.00,90,53,11),(263,4,12,59.00,90,53,6),(264,4,12,25.00,90,53,9),(265,4,12,40.00,90,53,25),(266,4,12,57.00,90,54,21),(267,4,12,10.00,90,54,13),(268,4,12,27.00,90,54,22),(269,4,12,34.00,90,54,17),(270,4,12,44.00,90,54,25),(271,4,12,44.00,90,55,27),(272,4,12,54.00,90,55,14),(273,4,12,12.00,90,55,15),(274,4,12,16.00,90,55,14),(275,4,12,10.00,90,55,2),(276,4,12,29.00,90,56,23),(277,4,12,27.00,90,56,19),(278,4,12,60.00,90,56,21),(279,4,12,45.00,90,56,10),(280,4,12,40.00,90,56,11),(281,4,12,51.00,90,57,23),(282,4,12,44.00,90,57,29),(283,4,12,54.00,90,57,6),(284,4,12,28.00,90,57,4),(285,4,12,24.00,90,57,14),(286,4,12,53.00,90,58,8),(287,4,12,12.00,90,58,4),(288,4,12,32.00,90,58,9),(289,4,12,31.00,90,58,29),(290,4,12,26.00,90,58,10),(291,4,12,60.00,90,59,9),(292,4,12,32.00,90,59,22),(293,4,12,28.00,90,59,6),(294,4,12,11.00,90,59,6),(295,4,12,45.00,90,59,7),(296,4,12,24.00,90,60,14),(297,4,12,59.00,90,60,9),(298,4,12,15.00,90,60,21),(299,4,12,36.00,90,60,5),(300,4,12,20.00,90,60,23),(301,4,12,54.00,90,61,30),(302,4,12,56.00,90,61,20),(303,4,12,32.00,90,61,4),(304,4,12,23.00,90,61,4),(305,4,12,35.00,90,61,12),(306,4,12,58.00,90,62,1),(307,4,12,45.00,90,62,6),(308,4,12,40.00,90,62,15),(309,4,12,43.00,90,62,1),(310,4,12,20.00,90,62,24),(311,4,12,34.00,90,63,8),(312,4,12,57.00,90,63,26),(313,4,12,36.00,90,63,14),(314,4,12,16.00,90,63,20),(315,4,12,44.00,90,63,5),(316,4,12,56.00,90,64,6),(317,4,12,32.00,90,64,19),(318,4,12,53.00,90,64,8),(319,4,12,52.00,90,64,14),(320,4,12,24.00,90,64,26),(321,4,12,58.00,90,65,4),(322,4,12,28.00,90,65,5),(323,4,12,49.00,90,65,3),(324,4,12,36.00,90,65,27),(325,4,12,42.00,90,65,22),(326,4,12,20.00,90,66,12),(327,4,12,47.00,90,66,27),(328,4,12,29.00,90,66,9),(329,4,12,21.00,90,66,6),(330,4,12,55.00,90,66,1),(331,4,12,44.00,90,67,16),(332,4,12,22.00,90,67,18),(333,4,12,11.00,90,67,1),(334,4,12,58.00,90,67,2),(335,4,12,18.00,90,67,11),(336,4,12,40.00,90,68,30),(337,4,12,10.00,90,68,16),(338,4,12,30.00,90,68,22),(339,4,12,54.00,90,68,10),(340,4,12,50.00,90,68,27),(341,4,12,40.00,90,69,21),(342,4,12,12.00,90,69,6),(343,4,12,57.00,90,69,23),(344,4,12,38.00,90,69,19),(345,4,12,30.00,90,69,20),(346,4,12,11.00,90,70,30),(347,4,12,37.00,90,70,10),(348,4,12,48.00,90,70,3),(349,4,12,43.00,90,70,3),(350,4,12,41.00,90,70,12),(351,4,12,35.00,90,71,7),(352,4,12,60.00,90,71,26),(353,4,12,18.00,90,71,9),(354,4,12,18.00,90,71,18),(355,4,12,23.00,90,71,15),(356,4,12,40.00,90,72,24),(357,4,12,59.00,90,72,15),(358,4,12,56.00,90,72,23),(359,4,12,42.00,90,72,16),(360,4,12,48.00,90,72,17),(361,4,12,50.00,90,73,4),(362,4,12,22.00,90,73,3),(363,4,12,27.00,90,73,24),(364,4,12,27.00,90,73,24),(365,4,12,37.00,90,73,19),(366,4,12,27.00,90,74,18),(367,4,12,21.00,90,74,13),(368,4,12,44.00,90,74,7),(369,4,12,60.00,90,74,28),(370,4,12,23.00,90,74,6),(371,4,12,42.00,90,75,20),(372,4,12,32.00,90,75,21),(373,4,12,23.00,90,75,13),(374,4,12,29.00,90,75,30),(375,4,12,39.00,90,75,5),(376,4,12,26.00,90,76,25),(377,4,12,29.00,90,76,20),(378,4,12,38.00,90,76,16),(379,4,12,26.00,90,76,30),(380,4,12,48.00,90,76,16),(381,4,12,22.00,90,77,20),(382,4,12,17.00,90,77,8),(383,4,12,52.00,90,77,9),(384,4,12,60.00,90,77,11),(385,4,12,60.00,90,77,11),(386,4,12,20.00,90,78,11),(387,4,12,20.00,90,78,19),(388,4,12,23.00,90,78,2),(389,4,12,29.00,90,78,1),(390,4,12,37.00,90,78,11),(391,4,12,35.00,90,79,10),(392,4,12,39.00,90,79,11),(393,4,12,11.00,90,79,9),(394,4,12,40.00,90,79,29),(395,4,12,14.00,90,79,15),(396,4,12,10.00,90,80,26),(397,4,12,50.00,90,80,9),(398,4,12,25.00,90,80,5),(399,4,12,19.00,90,80,26),(400,4,12,58.00,90,80,24),(401,4,12,14.00,90,81,27),(402,4,12,24.00,90,81,6),(403,4,12,44.00,90,81,27),(404,4,12,44.00,90,81,10),(405,4,12,18.00,90,81,25),(406,4,12,32.00,90,82,30),(407,4,12,25.00,90,82,2),(408,4,12,22.00,90,82,6),(409,4,12,13.00,90,82,9),(410,4,12,17.00,90,82,4),(411,4,12,60.00,90,83,6),(412,4,12,39.00,90,83,28),(413,4,12,49.00,90,83,5),(414,4,12,60.00,90,83,1),(415,4,12,57.00,90,83,9),(416,4,12,60.00,90,84,26),(417,4,12,16.00,90,84,10),(418,4,12,29.00,90,84,12),(419,4,12,38.00,90,84,17),(420,4,12,48.00,90,84,23),(421,4,12,45.00,90,85,20),(422,4,12,23.00,90,85,23),(423,4,12,57.00,90,85,20),(424,4,12,54.00,90,85,3),(425,4,12,19.00,90,85,16),(426,4,12,14.00,90,86,16),(427,4,12,32.00,90,86,20),(428,4,12,48.00,90,86,9),(429,4,12,18.00,90,86,24),(430,4,12,49.00,90,86,20),(431,4,12,50.00,90,87,14),(432,4,12,54.00,90,87,28),(433,4,12,47.00,90,87,15),(434,4,12,35.00,90,87,7),(435,4,12,40.00,90,87,10),(436,4,12,48.00,90,88,30),(437,4,12,35.00,90,88,19),(438,4,12,24.00,90,88,29),(439,4,12,54.00,90,88,27),(440,4,12,46.00,90,88,13),(441,4,12,58.00,90,89,9),(442,4,12,38.00,90,89,27),(443,4,12,56.00,90,89,24),(444,4,12,25.00,90,89,26),(445,4,12,55.00,90,89,29),(446,4,12,19.00,90,90,26),(447,4,12,45.00,90,90,13),(448,4,12,60.00,90,90,12),(449,4,12,23.00,90,90,29),(450,4,12,23.00,90,90,17),(451,4,12,13.00,90,91,10),(452,4,12,43.00,90,91,30),(453,4,12,12.00,90,91,14),(454,4,12,46.00,90,91,27),(455,4,12,12.00,90,91,27),(456,4,12,36.00,90,92,15),(457,4,12,30.00,90,92,16),(458,4,12,10.00,90,92,13),(459,4,12,60.00,90,92,4),(460,4,12,43.00,90,92,22),(461,4,12,35.00,90,93,30),(462,4,12,25.00,90,93,3),(463,4,12,55.00,90,93,4),(464,4,12,49.00,90,93,19),(465,4,12,22.00,90,93,29),(466,4,12,38.00,90,94,10),(467,4,12,17.00,90,94,20),(468,4,12,56.00,90,94,29),(469,4,12,54.00,90,94,1),(470,4,12,44.00,90,94,25),(471,4,12,32.00,90,95,3),(472,4,12,22.00,90,95,30),(473,4,12,24.00,90,95,1),(474,4,12,17.00,90,95,14),(475,4,12,40.00,90,95,3),(476,4,12,43.00,90,96,25),(477,4,12,41.00,90,96,25),(478,4,12,15.00,90,96,18),(479,4,12,53.00,90,96,4),(480,4,12,30.00,90,96,14),(481,4,12,12.00,90,97,24),(482,4,12,57.00,90,97,19),(483,4,12,50.00,90,97,4),(484,4,12,42.00,90,97,10),(485,4,12,49.00,90,97,9),(486,4,12,36.00,90,98,18),(487,4,12,25.00,90,98,18),(488,4,12,45.00,90,98,26),(489,4,12,25.00,90,98,1),(490,4,12,16.00,90,98,18),(491,4,12,57.00,90,99,25),(492,4,12,43.00,90,99,3),(493,4,12,17.00,90,99,13),(494,4,12,49.00,90,99,12),(495,4,12,52.00,90,99,8),(496,4,12,12.00,90,100,24),(497,4,12,45.00,90,100,4),(498,4,12,11.00,90,100,26),(499,4,12,39.00,90,100,28),(500,4,12,20.00,90,100,7),(501,4,12,41.00,90,101,25),(502,4,12,40.00,90,101,15),(503,4,12,19.00,90,101,17),(504,4,12,27.00,90,101,4),(505,4,12,28.00,90,101,18),(506,4,12,42.00,90,102,4),(507,4,12,54.00,90,102,26),(508,4,12,46.00,90,102,29),(509,4,12,30.00,90,102,14),(510,4,12,55.00,90,102,3),(511,4,12,23.00,90,103,12),(512,4,12,29.00,90,103,21),(513,4,12,49.00,90,103,3),(514,4,12,34.00,90,103,3),(515,4,12,27.00,90,103,20),(516,4,12,16.00,90,104,16),(517,4,12,30.00,90,104,27),(518,4,12,50.00,90,104,24),(519,4,12,50.00,90,104,1),(520,4,12,36.00,90,104,28),(521,4,12,32.00,90,105,22),(522,4,12,47.00,90,105,9),(523,4,12,34.00,90,105,2),(524,4,12,33.00,90,105,4),(525,4,12,35.00,90,105,14),(526,4,12,37.00,90,106,8),(527,4,12,14.00,90,106,24),(528,4,12,16.00,90,106,30),(529,4,12,34.00,90,106,30),(530,4,12,29.00,90,106,24),(531,4,12,33.00,90,107,2),(532,4,12,25.00,90,107,17),(533,4,12,27.00,90,107,22),(534,4,12,22.00,90,107,3),(535,4,12,26.00,90,107,2),(536,4,12,25.00,90,108,30),(537,4,12,12.00,90,108,21),(538,4,12,56.00,90,108,12),(539,4,12,58.00,90,108,22),(540,4,12,10.00,90,108,11),(541,4,12,31.00,90,109,30),(542,4,12,58.00,90,109,17),(543,4,12,36.00,90,109,9),(544,4,12,27.00,90,109,22),(545,4,12,55.00,90,109,11),(546,4,12,18.00,90,110,4),(547,4,12,32.00,90,110,30),(548,4,12,13.00,90,110,8),(549,4,12,50.00,90,110,6),(550,4,12,29.00,90,110,8),(551,4,12,39.00,90,111,26),(552,4,12,16.00,90,111,18),(553,4,12,36.00,90,111,10),(554,4,12,52.00,90,111,12),(555,4,12,38.00,90,111,20),(556,4,12,44.00,90,112,12),(557,4,12,42.00,90,112,20),(558,4,12,35.00,90,112,21),(559,4,12,47.00,90,112,4),(560,4,12,26.00,90,112,17),(561,4,12,39.00,90,113,10),(562,4,12,26.00,90,113,1),(563,4,12,33.00,90,113,4),(564,4,12,59.00,90,113,3),(565,4,12,49.00,90,113,15),(566,4,12,52.00,90,114,21),(567,4,12,53.00,90,114,15),(568,4,12,56.00,90,114,22),(569,4,12,47.00,90,114,22),(570,4,12,13.00,90,114,8),(571,4,12,49.00,90,115,1),(572,4,12,13.00,90,115,12),(573,4,12,30.00,90,115,7),(574,4,12,47.00,90,115,26),(575,4,12,16.00,90,115,22),(576,4,12,45.00,90,116,1),(577,4,12,32.00,90,116,25),(578,4,12,29.00,90,116,19),(579,4,12,47.00,90,116,28),(580,4,12,26.00,90,116,11),(581,4,12,32.00,90,117,3),(582,4,12,27.00,90,117,4),(583,4,12,27.00,90,117,28),(584,4,12,15.00,90,117,8),(585,4,12,39.00,90,117,30),(586,4,12,52.00,90,118,8),(587,4,12,41.00,90,118,4),(588,4,12,59.00,90,118,11),(589,4,12,45.00,90,118,19),(590,4,12,33.00,90,118,9),(591,4,12,52.00,90,119,12),(592,4,12,50.00,90,119,13),(593,4,12,37.00,90,119,5),(594,4,12,31.00,90,119,27),(595,4,12,10.00,90,119,17),(596,4,12,24.00,90,120,23),(597,4,12,23.00,90,120,14),(598,4,12,15.00,90,120,11),(599,4,12,25.00,90,120,1),(600,4,12,40.00,90,120,2),(601,4,12,60.00,90,121,17),(602,4,12,12.00,90,121,12),(603,4,12,48.00,90,121,12),(604,4,12,41.00,90,121,14),(605,4,12,57.00,90,121,11),(606,4,12,30.00,90,122,18),(607,4,12,29.00,90,122,1),(608,4,12,31.00,90,122,10),(609,4,12,16.00,90,122,14),(610,4,12,34.00,90,122,4),(611,4,12,48.00,90,123,12),(612,4,12,37.00,90,123,1),(613,4,12,26.00,90,123,26),(614,4,12,41.00,90,123,19),(615,4,12,39.00,90,123,24),(616,4,12,58.00,90,124,18),(617,4,12,13.00,90,124,2),(618,4,12,12.00,90,124,12),(619,4,12,20.00,90,124,15),(620,4,12,43.00,90,124,3),(621,4,12,15.00,90,125,13),(622,4,12,43.00,90,125,26),(623,4,12,20.00,90,125,10),(624,4,12,26.00,90,125,30),(625,4,12,35.00,90,125,2),(626,4,12,27.00,90,126,9),(627,4,12,58.00,90,126,3),(628,4,12,42.00,90,126,30),(629,4,12,30.00,90,126,14),(630,4,12,49.00,90,126,5),(631,4,12,11.00,90,127,21),(632,4,12,48.00,90,127,3),(633,4,12,22.00,90,127,26),(634,4,12,53.00,90,127,14),(635,4,12,22.00,90,127,7),(636,4,12,28.00,90,128,18),(637,4,12,59.00,90,128,1),(638,4,12,10.00,90,128,9),(639,4,12,28.00,90,128,16),(640,4,12,47.00,90,128,24),(641,4,12,48.00,90,129,21),(642,4,12,31.00,90,129,2),(643,4,12,45.00,90,129,2),(644,4,12,25.00,90,129,22),(645,4,12,16.00,90,129,6),(646,4,12,25.00,90,130,16),(647,4,12,28.00,90,130,28),(648,4,12,21.00,90,130,23),(649,4,12,13.00,90,130,22),(650,4,12,33.00,90,130,13),(651,4,12,25.00,90,131,12),(652,4,12,27.00,90,131,4),(653,4,12,15.00,90,131,28),(654,4,12,34.00,90,131,26),(655,4,12,60.00,90,131,23),(656,4,12,14.00,90,132,16),(657,4,12,17.00,90,132,2),(658,4,12,19.00,90,132,27),(659,4,12,49.00,90,132,17),(660,4,12,16.00,90,132,9),(661,4,12,19.00,90,133,28),(662,4,12,18.00,90,133,26),(663,4,12,42.00,90,133,10),(664,4,12,52.00,90,133,30),(665,4,12,18.00,90,133,14),(666,4,12,26.00,90,134,6),(667,4,12,29.00,90,134,29),(668,4,12,45.00,90,134,8),(669,4,12,26.00,90,134,7),(670,4,12,45.00,90,134,1),(671,4,12,57.00,90,135,29),(672,4,12,36.00,90,135,22),(673,4,12,30.00,90,135,12),(674,4,12,12.00,90,135,12),(675,4,12,10.00,90,135,22),(676,4,12,25.00,90,136,10),(677,4,12,23.00,90,136,18),(678,4,12,28.00,90,136,10),(679,4,12,37.00,90,136,3),(680,4,12,11.00,90,136,9),(681,4,12,17.00,90,137,1),(682,4,12,39.00,90,137,23),(683,4,12,30.00,90,137,23),(684,4,12,51.00,90,137,14),(685,4,12,27.00,90,137,19),(686,4,12,20.00,90,138,7),(687,4,12,33.00,90,138,4),(688,4,12,19.00,90,138,18),(689,4,12,22.00,90,138,15),(690,4,12,13.00,90,138,21),(691,4,12,23.00,90,139,24),(692,4,12,10.00,90,139,5),(693,4,12,24.00,90,139,25),(694,4,12,24.00,90,139,28),(695,4,12,50.00,90,139,16),(696,4,12,36.00,90,140,14),(697,4,12,39.00,90,140,8),(698,4,12,14.00,90,140,14),(699,4,12,24.00,90,140,24),(700,4,12,38.00,90,140,30),(701,4,12,32.00,90,141,19),(702,4,12,41.00,90,141,13),(703,4,12,35.00,90,141,1),(704,4,12,48.00,90,141,29),(705,4,12,23.00,90,141,30),(706,4,12,16.00,90,142,5),(707,4,12,38.00,90,142,4),(708,4,12,35.00,90,142,30),(709,4,12,31.00,90,142,28),(710,4,12,47.00,90,142,6),(711,4,12,34.00,90,143,4),(712,4,12,40.00,90,143,23),(713,4,12,44.00,90,143,21),(714,4,12,55.00,90,143,14),(715,4,12,13.00,90,143,23),(716,4,12,46.00,90,144,28),(717,4,12,54.00,90,144,6),(718,4,12,14.00,90,144,27),(719,4,12,19.00,90,144,17),(720,4,12,29.00,90,144,9),(721,4,12,50.00,90,145,28),(722,4,12,23.00,90,145,18),(723,4,12,56.00,90,145,13),(724,4,12,34.00,90,145,23),(725,4,12,40.00,90,145,17),(726,4,12,16.00,90,146,28),(727,4,12,39.00,90,146,10),(728,4,12,30.00,90,146,12),(729,4,12,19.00,90,146,1),(730,4,12,49.00,90,146,1),(731,4,12,28.00,90,147,8),(732,4,12,11.00,90,147,28),(733,4,12,56.00,90,147,13),(734,4,12,31.00,90,147,18),(735,4,12,54.00,90,147,3),(736,4,12,40.00,90,148,25),(737,4,12,21.00,90,148,15),(738,4,12,32.00,90,148,26),(739,4,12,55.00,90,148,23),(740,4,12,56.00,90,148,25),(741,4,12,58.00,90,149,28),(742,4,12,58.00,90,149,22),(743,4,12,48.00,90,149,20),(744,4,12,40.00,90,149,23),(745,4,12,51.00,90,149,22),(746,4,12,58.00,90,150,26),(747,4,12,44.00,90,150,6),(748,4,12,45.00,90,150,3),(749,4,12,11.00,90,150,23),(750,4,12,51.00,90,150,5),(751,4,12,56.00,90,151,9),(752,4,12,29.00,90,151,20),(753,4,12,49.00,90,151,5),(754,4,12,12.00,90,151,18),(755,4,12,15.00,90,151,29),(756,4,12,38.00,90,152,20),(757,4,12,10.00,90,152,16),(758,4,12,30.00,90,152,5),(759,4,12,21.00,90,152,8),(760,4,12,18.00,90,152,9),(761,4,12,39.00,90,153,14),(762,4,12,35.00,90,153,12),(763,4,12,60.00,90,153,20),(764,4,12,46.00,90,153,4),(765,4,12,14.00,90,153,5),(766,4,12,50.00,90,154,22),(767,4,12,10.00,90,154,20),(768,4,12,18.00,90,154,29),(769,4,12,46.00,90,154,10),(770,4,12,22.00,90,154,20),(771,4,12,48.00,90,155,1),(772,4,12,22.00,90,155,6),(773,4,12,58.00,90,155,13),(774,4,12,28.00,90,155,30),(775,4,12,43.00,90,155,13),(776,4,12,17.00,90,156,8),(777,4,12,32.00,90,156,23),(778,4,12,15.00,90,156,3),(779,4,12,41.00,90,156,25),(780,4,12,42.00,90,156,24),(781,4,12,21.00,90,157,29),(782,4,12,46.00,90,157,17),(783,4,12,14.00,90,157,9),(784,4,12,22.00,90,157,4),(785,4,12,35.00,90,157,14),(786,4,12,19.00,90,158,8),(787,4,12,45.00,90,158,15),(788,4,12,47.00,90,158,9),(789,4,12,19.00,90,158,8),(790,4,12,39.00,90,158,10),(791,4,12,50.00,90,159,19),(792,4,12,14.00,90,159,10),(793,4,12,18.00,90,159,15),(794,4,12,50.00,90,159,19),(795,4,12,19.00,90,159,15),(796,4,12,36.00,90,160,7),(797,4,12,30.00,90,160,14),(798,4,12,21.00,90,160,15),(799,4,12,10.00,90,160,11),(800,4,12,43.00,90,160,4),(801,4,12,57.00,90,161,13),(802,4,12,24.00,90,161,17),(803,4,12,52.00,90,161,7),(804,4,12,57.00,90,161,5),(805,4,12,35.00,90,161,25),(806,4,12,10.00,90,162,21),(807,4,12,42.00,90,162,10),(808,4,12,57.00,90,162,27),(809,4,12,50.00,90,162,17),(810,4,12,54.00,90,162,21),(811,4,12,10.00,90,163,15),(812,4,12,54.00,90,163,26),(813,4,12,32.00,90,163,4),(814,4,12,21.00,90,163,16),(815,4,12,26.00,90,163,5),(816,4,12,40.00,90,164,20),(817,4,12,40.00,90,164,3),(818,4,12,13.00,90,164,9),(819,4,12,48.00,90,164,1),(820,4,12,59.00,90,164,1),(821,4,12,31.00,90,165,4),(822,4,12,28.00,90,165,14),(823,4,12,34.00,90,165,19),(824,4,12,38.00,90,165,28),(825,4,12,33.00,90,165,27),(826,4,12,15.00,90,166,26),(827,4,12,48.00,90,166,23),(828,4,12,55.00,90,166,26),(829,4,12,54.00,90,166,23),(830,4,12,29.00,90,166,29),(831,4,12,26.00,90,167,9),(832,4,12,14.00,90,167,25),(833,4,12,25.00,90,167,8),(834,4,12,32.00,90,167,26),(835,4,12,32.00,90,167,15),(836,4,12,42.00,90,168,18),(837,4,12,40.00,90,168,29),(838,4,12,33.00,90,168,17),(839,4,12,57.00,90,168,18),(840,4,12,24.00,90,168,17),(841,4,12,30.00,90,169,15),(842,4,12,23.00,90,169,6),(843,4,12,10.00,90,169,18),(844,4,12,12.00,90,169,5),(845,4,12,27.00,90,169,11),(846,4,12,25.00,90,170,4),(847,4,12,15.00,90,170,30),(848,4,12,53.00,90,170,23),(849,4,12,53.00,90,170,7),(850,4,12,38.00,90,170,7),(851,4,12,38.00,90,171,23),(852,4,12,22.00,90,171,12),(853,4,12,47.00,90,171,1),(854,4,12,30.00,90,171,13),(855,4,12,15.00,90,171,7),(856,4,12,32.00,90,172,3),(857,4,12,37.00,90,172,7),(858,4,12,40.00,90,172,4),(859,4,12,47.00,90,172,11),(860,4,12,36.00,90,172,24),(861,4,12,32.00,90,173,11),(862,4,12,59.00,90,173,18),(863,4,12,34.00,90,173,29),(864,4,12,26.00,90,173,11),(865,4,12,15.00,90,173,15),(866,4,12,13.00,90,174,23),(867,4,12,47.00,90,174,13),(868,4,12,36.00,90,174,11),(869,4,12,49.00,90,174,6),(870,4,12,48.00,90,174,10),(871,4,12,19.00,90,175,15),(872,4,12,43.00,90,175,26),(873,4,12,39.00,90,175,10),(874,4,12,39.00,90,175,23),(875,4,12,45.00,90,175,20),(876,4,12,20.00,90,176,3),(877,4,12,51.00,90,176,17),(878,4,12,28.00,90,176,7),(879,4,12,34.00,90,176,26),(880,4,12,16.00,90,176,9),(881,4,12,33.00,90,177,14),(882,4,12,49.00,90,177,4),(883,4,12,53.00,90,177,29),(884,4,12,57.00,90,177,6),(885,4,12,10.00,90,177,24),(886,4,12,45.00,90,178,9),(887,4,12,57.00,90,178,11),(888,4,12,25.00,90,178,24),(889,4,12,59.00,90,178,17),(890,4,12,33.00,90,178,2),(891,4,12,45.00,90,179,26),(892,4,12,11.00,90,179,11),(893,4,12,60.00,90,179,23),(894,4,12,25.00,90,179,14),(895,4,12,56.00,90,179,19),(896,4,12,57.00,90,180,6),(897,4,12,37.00,90,180,22),(898,4,12,34.00,90,180,27),(899,4,12,41.00,90,180,2),(900,4,12,12.00,90,180,6),(901,4,12,57.00,90,181,16),(902,4,12,42.00,90,181,14),(903,4,12,16.00,90,181,11),(904,4,12,48.00,90,181,4),(905,4,12,50.00,90,181,7),(906,4,12,42.00,90,182,22),(907,4,12,27.00,90,182,26),(908,4,12,33.00,90,182,1),(909,4,12,36.00,90,182,14),(910,4,12,48.00,90,182,13),(911,4,12,16.00,90,183,24),(912,4,12,51.00,90,183,2),(913,4,12,51.00,90,183,26),(914,4,12,30.00,90,183,18),(915,4,12,18.00,90,183,6),(916,4,12,19.00,90,184,15),(917,4,12,37.00,90,184,2),(918,4,12,31.00,90,184,24),(919,4,12,45.00,90,184,9),(920,4,12,25.00,90,184,28),(921,4,12,42.00,90,185,13),(922,4,12,42.00,90,185,12),(923,4,12,37.00,90,185,19),(924,4,12,41.00,90,185,8),(925,4,12,57.00,90,185,18),(926,4,12,29.00,90,186,29),(927,4,12,29.00,90,186,8),(928,4,12,45.00,90,186,18),(929,4,12,52.00,90,186,23),(930,4,12,55.00,90,186,10),(931,4,12,55.00,90,187,8),(932,4,12,30.00,90,187,5),(933,4,12,22.00,90,187,3),(934,4,12,30.00,90,187,22),(935,4,12,55.00,90,187,18),(936,4,12,37.00,90,188,13),(937,4,12,35.00,90,188,21),(938,4,12,27.00,90,188,4),(939,4,12,37.00,90,188,16),(940,4,12,48.00,90,188,24),(941,4,12,18.00,90,189,14),(942,4,12,52.00,90,189,30),(943,4,12,60.00,90,189,23),(944,4,12,52.00,90,189,27),(945,4,12,50.00,90,189,13),(946,4,12,24.00,90,190,8),(947,4,12,41.00,90,190,6),(948,4,12,36.00,90,190,23),(949,4,12,40.00,90,190,20),(950,4,12,48.00,90,190,23),(951,4,12,44.00,90,191,17),(952,4,12,56.00,90,191,18),(953,4,12,45.00,90,191,12),(954,4,12,19.00,90,191,19),(955,4,12,11.00,90,191,18),(956,4,12,23.00,90,192,17),(957,4,12,13.00,90,192,12),(958,4,12,28.00,90,192,29),(959,4,12,46.00,90,192,11),(960,4,12,48.00,90,192,27),(961,4,12,22.00,90,193,13),(962,4,12,52.00,90,193,5),(963,4,12,34.00,90,193,4),(964,4,12,41.00,90,193,15),(965,4,12,21.00,90,193,28),(966,4,12,37.00,90,194,12),(967,4,12,29.00,90,194,6),(968,4,12,15.00,90,194,1),(969,4,12,48.00,90,194,24),(970,4,12,44.00,90,194,23),(971,4,12,30.00,90,195,9),(972,4,12,36.00,90,195,28),(973,4,12,56.00,90,195,25),(974,4,12,38.00,90,195,26),(975,4,12,12.00,90,195,17),(976,4,12,57.00,90,196,14),(977,4,12,51.00,90,196,30),(978,4,12,21.00,90,196,29),(979,4,12,44.00,90,196,13),(980,4,12,42.00,90,196,22),(981,4,12,18.00,90,197,23),(982,4,12,21.00,90,197,7),(983,4,12,19.00,90,197,17),(984,4,12,32.00,90,197,15),(985,4,12,34.00,90,197,22),(986,4,12,27.00,90,198,27),(987,4,12,37.00,90,198,17),(988,4,12,28.00,90,198,10),(989,4,12,13.00,90,198,24),(990,4,12,15.00,90,198,25),(991,4,12,21.00,90,199,17),(992,4,12,32.00,90,199,22),(993,4,12,25.00,90,199,20),(994,4,12,38.00,90,199,6),(995,4,12,13.00,90,199,28),(996,4,12,20.00,90,200,17),(997,4,12,27.00,90,200,8),(998,4,12,21.00,90,200,17),(999,4,12,44.00,90,200,19),(1000,4,12,10.00,90,200,30),(1001,4,12,36.00,90,201,26),(1002,4,12,52.00,90,201,24),(1003,4,12,33.00,90,201,13),(1004,4,12,47.00,90,201,15),(1005,4,12,29.00,90,201,25),(1006,4,12,38.00,90,202,16),(1007,4,12,53.00,90,202,1),(1008,4,12,44.00,90,202,1),(1009,4,12,28.00,90,202,1),(1010,4,12,56.00,90,202,23),(1011,4,12,57.00,90,203,26),(1012,4,12,30.00,90,203,30),(1013,4,12,17.00,90,203,26),(1014,4,12,42.00,90,203,8),(1015,4,12,58.00,90,203,14),(1016,4,12,11.00,90,204,30),(1017,4,12,42.00,90,204,15),(1018,4,12,15.00,90,204,28),(1019,4,12,18.00,90,204,15),(1020,4,12,31.00,90,204,21),(1021,4,12,28.00,90,205,9),(1022,4,12,58.00,90,205,30),(1023,4,12,22.00,90,205,19),(1024,4,12,35.00,90,205,5),(1025,4,12,46.00,90,205,18),(1026,4,12,39.00,90,206,18),(1027,4,12,18.00,90,206,26),(1028,4,12,43.00,90,206,8),(1029,4,12,60.00,90,206,23),(1030,4,12,57.00,90,206,20),(1031,4,12,13.00,90,207,19),(1032,4,12,43.00,90,207,30),(1033,4,12,49.00,90,207,27),(1034,4,12,60.00,90,207,22),(1035,4,12,50.00,90,207,1),(1036,4,12,57.00,90,208,27),(1037,4,12,30.00,90,208,10),(1038,4,12,60.00,90,208,16),(1039,4,12,33.00,90,208,18),(1040,4,12,28.00,90,208,7),(1041,4,12,17.00,90,209,4),(1042,4,12,46.00,90,209,18),(1043,4,12,29.00,90,209,14),(1044,4,12,10.00,90,209,4),(1045,4,12,50.00,90,209,8),(1046,4,12,37.00,90,210,27),(1047,4,12,12.00,90,210,26),(1048,4,12,21.00,90,210,7),(1049,4,12,21.00,90,210,10),(1050,4,12,10.00,90,210,7),(1051,4,12,25.00,90,211,30),(1052,4,12,31.00,90,211,21),(1053,4,12,11.00,90,211,5),(1054,4,12,11.00,90,211,12),(1055,4,12,45.00,90,211,1),(1056,4,12,53.00,90,212,21),(1057,4,12,54.00,90,212,30),(1058,4,12,39.00,90,212,6),(1059,4,12,45.00,90,212,19),(1060,4,12,33.00,90,212,7),(1061,4,12,49.00,90,213,6),(1062,4,12,39.00,90,213,12),(1063,4,12,55.00,90,213,5),(1064,4,12,37.00,90,213,23),(1065,4,12,51.00,90,213,13),(1066,4,12,34.00,90,214,15),(1067,4,12,29.00,90,214,23),(1068,4,12,18.00,90,214,25),(1069,4,12,28.00,90,214,19),(1070,4,12,47.00,90,214,10),(1071,4,12,53.00,90,215,21),(1072,4,12,30.00,90,215,3),(1073,4,12,13.00,90,215,3),(1074,4,12,53.00,90,215,8),(1075,4,12,15.00,90,215,3),(1076,4,12,44.00,90,216,3),(1077,4,12,17.00,90,216,24),(1078,4,12,11.00,90,216,30),(1079,4,12,44.00,90,216,24),(1080,4,12,42.00,90,216,11),(1081,4,12,41.00,90,217,16),(1082,4,12,14.00,90,217,20),(1083,4,12,44.00,90,217,7),(1084,4,12,50.00,90,217,14),(1085,4,12,23.00,90,217,14),(1086,4,12,58.00,90,218,26),(1087,4,12,55.00,90,218,28),(1088,4,12,59.00,90,218,11),(1089,4,12,19.00,90,218,22),(1090,4,12,47.00,90,218,16),(1091,4,12,54.00,90,219,6),(1092,4,12,40.00,90,219,6),(1093,4,12,53.00,90,219,30),(1094,4,12,53.00,90,219,29),(1095,4,12,58.00,90,219,19),(1096,4,12,38.00,90,220,22),(1097,4,12,60.00,90,220,10),(1098,4,12,31.00,90,220,25),(1099,4,12,39.00,90,220,24),(1100,4,12,40.00,90,220,2),(1101,4,12,33.00,90,221,10),(1102,4,12,56.00,90,221,30),(1103,4,12,36.00,90,221,22),(1104,4,12,12.00,90,221,26),(1105,4,12,46.00,90,221,16),(1106,4,12,31.00,90,222,24),(1107,4,12,25.00,90,222,19),(1108,4,12,50.00,90,222,18),(1109,4,12,28.00,90,222,7),(1110,4,12,26.00,90,222,23),(1111,4,12,48.00,90,223,12),(1112,4,12,40.00,90,223,22),(1113,4,12,27.00,90,223,23),(1114,4,12,37.00,90,223,28),(1115,4,12,39.00,90,223,23),(1116,4,12,36.00,90,224,15),(1117,4,12,53.00,90,224,11),(1118,4,12,22.00,90,224,16),(1119,4,12,54.00,90,224,28),(1120,4,12,57.00,90,224,26),(1121,4,12,42.00,90,225,28),(1122,4,12,34.00,90,225,27),(1123,4,12,14.00,90,225,13),(1124,4,12,12.00,90,225,29),(1125,4,12,11.00,90,225,6),(1126,4,12,10.00,90,226,22),(1127,4,12,26.00,90,226,26),(1128,4,12,42.00,90,226,13),(1129,4,12,28.00,90,226,23),(1130,4,12,29.00,90,226,11),(1131,4,12,17.00,90,227,3),(1132,4,12,28.00,90,227,1),(1133,4,12,52.00,90,227,1),(1134,4,12,18.00,90,227,30),(1135,4,12,44.00,90,227,3),(1136,4,12,31.00,90,228,13),(1137,4,12,26.00,90,228,29),(1138,4,12,34.00,90,228,20),(1139,4,12,10.00,90,228,26),(1140,4,12,35.00,90,228,6),(1141,4,12,19.00,90,229,1),(1142,4,12,31.00,90,229,24),(1143,4,12,32.00,90,229,23),(1144,4,12,33.00,90,229,8),(1145,4,12,21.00,90,229,1),(1146,4,12,34.00,90,230,9),(1147,4,12,47.00,90,230,30),(1148,4,12,19.00,90,230,14),(1149,4,12,11.00,90,230,6),(1150,4,12,30.00,90,230,17),(1151,4,12,44.00,90,231,22),(1152,4,12,57.00,90,231,11),(1153,4,12,12.00,90,231,13),(1154,4,12,37.00,90,231,8),(1155,4,12,41.00,90,231,26),(1156,4,12,21.00,90,232,1),(1157,4,12,36.00,90,232,25),(1158,4,12,47.00,90,232,13),(1159,4,12,45.00,90,232,20),(1160,4,12,32.00,90,232,18),(1161,4,12,18.00,90,233,18),(1162,4,12,45.00,90,233,6),(1163,4,12,48.00,90,233,12),(1164,4,12,47.00,90,233,23),(1165,4,12,41.00,90,233,19),(1166,4,12,15.00,90,234,15),(1167,4,12,37.00,90,234,25),(1168,4,12,31.00,90,234,28),(1169,4,12,25.00,90,234,3),(1170,4,12,55.00,90,234,29),(1171,4,12,34.00,90,235,24),(1172,4,12,25.00,90,235,1),(1173,4,12,20.00,90,235,18),(1174,4,12,28.00,90,235,14),(1175,4,12,46.00,90,235,16),(1176,4,12,32.00,90,236,26),(1177,4,12,26.00,90,236,20),(1178,4,12,49.00,90,236,18),(1179,4,12,41.00,90,236,17),(1180,4,12,36.00,90,236,13),(1181,4,12,20.00,90,237,18),(1182,4,12,58.00,90,237,3),(1183,4,12,17.00,90,237,2),(1184,4,12,20.00,90,237,4),(1185,4,12,41.00,90,237,3),(1186,4,12,10.00,90,238,30),(1187,4,12,60.00,90,238,24),(1188,4,12,34.00,90,238,10),(1189,4,12,54.00,90,238,28),(1190,4,12,47.00,90,238,17),(1191,4,12,52.00,90,239,30),(1192,4,12,52.00,90,239,19),(1193,4,12,59.00,90,239,4),(1194,4,12,60.00,90,239,27),(1195,4,12,38.00,90,239,16),(1196,4,12,57.00,90,240,13),(1197,4,12,43.00,90,240,13),(1198,4,12,16.00,90,240,25),(1199,4,12,45.00,90,240,24),(1200,4,12,59.00,90,240,30),(1201,4,12,40.00,90,241,10),(1202,4,12,16.00,90,241,3),(1203,4,12,55.00,90,241,30),(1204,4,12,13.00,90,241,2),(1205,4,12,15.00,90,241,7),(1206,4,12,29.00,90,242,8),(1207,4,12,10.00,90,242,11),(1208,4,12,35.00,90,242,23),(1209,4,12,15.00,90,242,14),(1210,4,12,31.00,90,242,6),(1211,4,12,26.00,90,243,29),(1212,4,12,41.00,90,243,19),(1213,4,12,14.00,90,243,27),(1214,4,12,23.00,90,243,4),(1215,4,12,38.00,90,243,16),(1216,4,12,44.00,90,244,24),(1217,4,12,56.00,90,244,27),(1218,4,12,37.00,90,244,28),(1219,4,12,24.00,90,244,18),(1220,4,12,15.00,90,244,16),(1221,4,12,60.00,90,245,22),(1222,4,12,13.00,90,245,19),(1223,4,12,42.00,90,245,8),(1224,4,12,24.00,90,245,13),(1225,4,12,58.00,90,245,14),(1226,4,12,45.00,90,246,11),(1227,4,12,49.00,90,246,11),(1228,4,12,54.00,90,246,12),(1229,4,12,27.00,90,246,9),(1230,4,12,44.00,90,246,26),(1231,4,12,26.00,90,247,24),(1232,4,12,33.00,90,247,17),(1233,4,12,59.00,90,247,5),(1234,4,12,48.00,90,247,26),(1235,4,12,14.00,90,247,30),(1236,4,12,59.00,90,248,1),(1237,4,12,59.00,90,248,1),(1238,4,12,40.00,90,248,13),(1239,4,12,15.00,90,248,9),(1240,4,12,49.00,90,248,30),(1241,4,12,17.00,90,249,10),(1242,4,12,29.00,90,249,26),(1243,4,12,46.00,90,249,19),(1244,4,12,11.00,90,249,21),(1245,4,12,37.00,90,249,14),(1246,4,12,19.00,90,250,29),(1247,4,12,44.00,90,250,4),(1248,4,12,56.00,90,250,1),(1249,4,12,24.00,90,250,29),(1250,4,12,53.00,90,250,26),(1251,4,12,16.00,90,251,23),(1252,4,12,17.00,90,251,12),(1253,4,12,11.00,90,251,24),(1254,4,12,15.00,90,251,13),(1255,4,12,36.00,90,251,22),(1256,4,12,51.00,90,252,25),(1257,4,12,59.00,90,252,8),(1258,4,12,28.00,90,252,25),(1259,4,12,51.00,90,252,12),(1260,4,12,46.00,90,252,15),(1261,4,12,17.00,90,253,28),(1262,4,12,22.00,90,253,23),(1263,4,12,60.00,90,253,19),(1264,4,12,30.00,90,253,1),(1265,4,12,53.00,90,253,6),(1266,4,12,43.00,90,254,11),(1267,4,12,23.00,90,254,6),(1268,4,12,53.00,90,254,20),(1269,4,12,27.00,90,254,12),(1270,4,12,15.00,90,254,5),(1271,4,12,16.00,90,255,22),(1272,4,12,54.00,90,255,3),(1273,4,12,50.00,90,255,30),(1274,4,12,50.00,90,255,17),(1275,4,12,15.00,90,255,25),(1276,4,12,57.00,90,256,21),(1277,4,12,30.00,90,256,14),(1278,4,12,48.00,90,256,19),(1279,4,12,18.00,90,256,13),(1280,4,12,52.00,90,256,9),(1281,4,12,13.00,90,257,14),(1282,4,12,16.00,90,257,14),(1283,4,12,31.00,90,257,17),(1284,4,12,42.00,90,257,15),(1285,4,12,32.00,90,257,1),(1286,4,12,41.00,90,258,26),(1287,4,12,51.00,90,258,3),(1288,4,12,10.00,90,258,25),(1289,4,12,28.00,90,258,5),(1290,4,12,48.00,90,258,12),(1291,4,12,53.00,90,259,3),(1292,4,12,42.00,90,259,20),(1293,4,12,18.00,90,259,9),(1294,4,12,59.00,90,259,21),(1295,4,12,60.00,90,259,16),(1296,4,12,49.00,90,260,14),(1297,4,12,37.00,90,260,2),(1298,4,12,34.00,90,260,29),(1299,4,12,25.00,90,260,8),(1300,4,12,53.00,90,260,10),(1301,4,12,17.00,90,261,29),(1302,4,12,12.00,90,261,25),(1303,4,12,12.00,90,261,20),(1304,4,12,18.00,90,261,30),(1305,4,12,11.00,90,261,11),(1306,4,12,52.00,90,262,21),(1307,4,12,10.00,90,262,27),(1308,4,12,43.00,90,262,28),(1309,4,12,18.00,90,262,5),(1310,4,12,30.00,90,262,18),(1311,4,12,46.00,90,263,15),(1312,4,12,28.00,90,263,4),(1313,4,12,23.00,90,263,12),(1314,4,12,45.00,90,263,27),(1315,4,12,53.00,90,263,3),(1316,4,12,47.00,90,264,11),(1317,4,12,24.00,90,264,3),(1318,4,12,32.00,90,264,4),(1319,4,12,31.00,90,264,26),(1320,4,12,15.00,90,264,12),(1321,4,12,45.00,90,265,20),(1322,4,12,25.00,90,265,9),(1323,4,12,39.00,90,265,5),(1324,4,12,13.00,90,265,21),(1325,4,12,22.00,90,265,21),(1326,4,12,12.00,90,266,9),(1327,4,12,46.00,90,266,4),(1328,4,12,35.00,90,266,2),(1329,4,12,23.00,90,266,19),(1330,4,12,32.00,90,266,7),(1331,4,12,55.00,90,267,12),(1332,4,12,46.00,90,267,24),(1333,4,12,50.00,90,267,8),(1334,4,12,34.00,90,267,4),(1335,4,12,35.00,90,267,22),(1336,4,12,15.00,90,268,26),(1337,4,12,27.00,90,268,25),(1338,4,12,48.00,90,268,2),(1339,4,12,53.00,90,268,23),(1340,4,12,54.00,90,268,30),(1341,4,12,10.00,90,269,18),(1342,4,12,57.00,90,269,24),(1343,4,12,54.00,90,269,25),(1344,4,12,26.00,90,269,9),(1345,4,12,39.00,90,269,10),(1346,4,12,37.00,90,270,22),(1347,4,12,28.00,90,270,29),(1348,4,12,49.00,90,270,12),(1349,4,12,19.00,90,270,23),(1350,4,12,60.00,90,270,30),(1351,4,12,20.00,90,271,24),(1352,4,12,19.00,90,271,11),(1353,4,12,14.00,90,271,5),(1354,4,12,54.00,90,271,27),(1355,4,12,33.00,90,271,19),(1356,4,12,21.00,90,272,29),(1357,4,12,14.00,90,272,14),(1358,4,12,34.00,90,272,20),(1359,4,12,58.00,90,272,6),(1360,4,12,22.00,90,272,14),(1361,4,12,58.00,90,273,1),(1362,4,12,56.00,90,273,10),(1363,4,12,53.00,90,273,2),(1364,4,12,17.00,90,273,25),(1365,4,12,46.00,90,273,3),(1366,4,12,13.00,90,274,1),(1367,4,12,43.00,90,274,16),(1368,4,12,36.00,90,274,23),(1369,4,12,47.00,90,274,9),(1370,4,12,17.00,90,274,28),(1371,4,12,54.00,90,275,15),(1372,4,12,47.00,90,275,13),(1373,4,12,22.00,90,275,14),(1374,4,12,59.00,90,275,29),(1375,4,12,34.00,90,275,11),(1376,4,12,20.00,90,276,18),(1377,4,12,27.00,90,276,6),(1378,4,12,10.00,90,276,8),(1379,4,12,27.00,90,276,6),(1380,4,12,29.00,90,276,16),(1381,4,12,50.00,90,277,18),(1382,4,12,56.00,90,277,7),(1383,4,12,15.00,90,277,17),(1384,4,12,23.00,90,277,1),(1385,4,12,32.00,90,277,7),(1386,4,12,53.00,90,278,28),(1387,4,12,57.00,90,278,14),(1388,4,12,12.00,90,278,30),(1389,4,12,19.00,90,278,10),(1390,4,12,20.00,90,278,14),(1391,4,12,49.00,90,279,22),(1392,4,12,17.00,90,279,19),(1393,4,12,31.00,90,279,14),(1394,4,12,11.00,90,279,6),(1395,4,12,40.00,90,279,15),(1396,4,12,53.00,90,280,2),(1397,4,12,10.00,90,280,16),(1398,4,12,47.00,90,280,27),(1399,4,12,24.00,90,280,7),(1400,4,12,11.00,90,280,11),(1401,4,12,55.00,90,281,6),(1402,4,12,19.00,90,281,21),(1403,4,12,53.00,90,281,1),(1404,4,12,43.00,90,281,9),(1405,4,12,57.00,90,281,29),(1406,4,12,18.00,90,282,8),(1407,4,12,26.00,90,282,14),(1408,4,12,36.00,90,282,27),(1409,4,12,37.00,90,282,28),(1410,4,12,46.00,90,282,11),(1411,4,12,57.00,90,283,17),(1412,4,12,41.00,90,283,11),(1413,4,12,26.00,90,283,17),(1414,4,12,52.00,90,283,23),(1415,4,12,46.00,90,283,24),(1416,4,12,13.00,90,284,30),(1417,4,12,32.00,90,284,21),(1418,4,12,21.00,90,284,1),(1419,4,12,56.00,90,284,2),(1420,4,12,10.00,90,284,29),(1421,4,12,34.00,90,285,6),(1422,4,12,16.00,90,285,16),(1423,4,12,12.00,90,285,13),(1424,4,12,44.00,90,285,20),(1425,4,12,20.00,90,285,14),(1426,4,12,34.00,90,286,23),(1427,4,12,18.00,90,286,18),(1428,4,12,34.00,90,286,21),(1429,4,12,20.00,90,286,17),(1430,4,12,49.00,90,286,30),(1431,4,12,25.00,90,287,11),(1432,4,12,19.00,90,287,10),(1433,4,12,53.00,90,287,22),(1434,4,12,33.00,90,287,29),(1435,4,12,44.00,90,287,17),(1436,4,12,27.00,90,288,10),(1437,4,12,29.00,90,288,22),(1438,4,12,44.00,90,288,10),(1439,4,12,59.00,90,288,1),(1440,4,12,27.00,90,288,21),(1441,4,12,53.00,90,289,3),(1442,4,12,38.00,90,289,15),(1443,4,12,26.00,90,289,11),(1444,4,12,29.00,90,289,20),(1445,4,12,44.00,90,289,1),(1446,4,12,27.00,90,290,1),(1447,4,12,10.00,90,290,20),(1448,4,12,40.00,90,290,17),(1449,4,12,12.00,90,290,27),(1450,4,12,44.00,90,290,2),(1451,4,12,22.00,90,291,1),(1452,4,12,44.00,90,291,16),(1453,4,12,40.00,90,291,15),(1454,4,12,33.00,90,291,6),(1455,4,12,27.00,90,291,17),(1456,4,12,40.00,90,292,19),(1457,4,12,24.00,90,292,25),(1458,4,12,58.00,90,292,22),(1459,4,12,29.00,90,292,10),(1460,4,12,36.00,90,292,5),(1461,4,12,57.00,90,293,11),(1462,4,12,35.00,90,293,19),(1463,4,12,55.00,90,293,29),(1464,4,12,59.00,90,293,19),(1465,4,12,17.00,90,293,13),(1466,4,12,53.00,90,294,11),(1467,4,12,17.00,90,294,23),(1468,4,12,29.00,90,294,29),(1469,4,12,35.00,90,294,2),(1470,4,12,11.00,90,294,17),(1471,4,12,38.00,90,295,3),(1472,4,12,29.00,90,295,15),(1473,4,12,12.00,90,295,12),(1474,4,12,19.00,90,295,26),(1475,4,12,10.00,90,295,7),(1476,4,12,43.00,90,296,10),(1477,4,12,52.00,90,296,10),(1478,4,12,52.00,90,296,26),(1479,4,12,46.00,90,296,17),(1480,4,12,44.00,90,296,28),(1481,4,12,60.00,90,297,1),(1482,4,12,30.00,90,297,29),(1483,4,12,25.00,90,297,7),(1484,4,12,24.00,90,297,29),(1485,4,12,30.00,90,297,12),(1486,4,12,21.00,90,298,27),(1487,4,12,43.00,90,298,5),(1488,4,12,29.00,90,298,5),(1489,4,12,19.00,90,298,1),(1490,4,12,57.00,90,298,1),(1491,4,12,41.00,90,299,26),(1492,4,12,41.00,90,299,14),(1493,4,12,57.00,90,299,30),(1494,4,12,17.00,90,299,7),(1495,4,12,28.00,90,299,19),(1496,4,12,36.00,90,300,13),(1497,4,12,57.00,90,300,29),(1498,4,12,31.00,90,300,10),(1499,4,12,29.00,90,300,4),(1500,4,12,24.00,90,300,11),(1501,4,12,48.00,90,301,10),(1502,4,12,41.00,90,301,9),(1503,4,12,11.00,90,301,1),(1504,4,12,21.00,90,301,5),(1505,4,12,33.00,90,301,19),(1506,4,12,13.00,90,302,6),(1507,4,12,26.00,90,302,24),(1508,4,12,39.00,90,302,7),(1509,4,12,12.00,90,302,21),(1510,4,12,29.00,90,302,21),(1511,4,12,40.00,90,303,26),(1512,4,12,19.00,90,303,12),(1513,4,12,28.00,90,303,30),(1514,4,12,18.00,90,303,18),(1515,4,12,22.00,90,303,1),(1516,4,12,51.00,90,304,29),(1517,4,12,43.00,90,304,9),(1518,4,12,12.00,90,304,15),(1519,4,12,37.00,90,304,4),(1520,4,12,13.00,90,304,16),(1521,4,12,22.00,90,305,13),(1522,4,12,50.00,90,305,22),(1523,4,12,31.00,90,305,22),(1524,4,12,15.00,90,305,27),(1525,4,12,36.00,90,305,12),(1526,4,12,27.00,90,306,23),(1527,4,12,46.00,90,306,18),(1528,4,12,60.00,90,306,20),(1529,4,12,25.00,90,306,24),(1530,4,12,32.00,90,306,9),(1531,4,12,30.00,90,307,19),(1532,4,12,19.00,90,307,3),(1533,4,12,40.00,90,307,17),(1534,4,12,38.00,90,307,28),(1535,4,12,28.00,90,307,15),(1536,4,12,18.00,90,308,15),(1537,4,12,49.00,90,308,5),(1538,4,12,47.00,90,308,28),(1539,4,12,44.00,90,308,14),(1540,4,12,36.00,90,308,12),(1541,4,12,58.00,90,309,14),(1542,4,12,37.00,90,309,18),(1543,4,12,11.00,90,309,29),(1544,4,12,23.00,90,309,9),(1545,4,12,59.00,90,309,21),(1546,4,12,60.00,90,310,8),(1547,4,12,14.00,90,310,27),(1548,4,12,15.00,90,310,14),(1549,4,12,35.00,90,310,7),(1550,4,12,52.00,90,310,27),(1551,4,12,17.00,90,311,26),(1552,4,12,42.00,90,311,10),(1553,4,12,47.00,90,311,14),(1554,4,12,12.00,90,311,9),(1555,4,12,34.00,90,311,16),(1556,4,12,43.00,90,312,11),(1557,4,12,52.00,90,312,28),(1558,4,12,20.00,90,312,28),(1559,4,12,56.00,90,312,2),(1560,4,12,37.00,90,312,21),(1561,4,12,27.00,90,313,3),(1562,4,12,36.00,90,313,22),(1563,4,12,57.00,90,313,20),(1564,4,12,30.00,90,313,12),(1565,4,12,54.00,90,313,2),(1566,4,12,18.00,90,314,15),(1567,4,12,45.00,90,314,11),(1568,4,12,43.00,90,314,18),(1569,4,12,27.00,90,314,21),(1570,4,12,16.00,90,314,14),(1571,4,12,50.00,90,315,10),(1572,4,12,53.00,90,315,1),(1573,4,12,12.00,90,315,8),(1574,4,12,54.00,90,315,15),(1575,4,12,22.00,90,315,2),(1576,4,12,37.00,90,316,1),(1577,4,12,25.00,90,316,9),(1578,4,12,16.00,90,316,18),(1579,4,12,22.00,90,316,12),(1580,4,12,15.00,90,316,9),(1581,4,12,10.00,90,317,6),(1582,4,12,37.00,90,317,10),(1583,4,12,11.00,90,317,24),(1584,4,12,54.00,90,317,18),(1585,4,12,35.00,90,317,20),(1586,4,12,40.00,90,318,6),(1587,4,12,23.00,90,318,12),(1588,4,12,20.00,90,318,12),(1589,4,12,10.00,90,318,12),(1590,4,12,59.00,90,318,16),(1591,4,12,35.00,90,319,16),(1592,4,12,50.00,90,319,12),(1593,4,12,52.00,90,319,17),(1594,4,12,42.00,90,319,20),(1595,4,12,33.00,90,319,16),(1596,4,12,23.00,90,320,27),(1597,4,12,58.00,90,320,9),(1598,4,12,22.00,90,320,12),(1599,4,12,16.00,90,320,1),(1600,4,12,30.00,90,320,7),(1601,4,12,55.00,90,321,7),(1602,4,12,49.00,90,321,19),(1603,4,12,23.00,90,321,24),(1604,4,12,53.00,90,321,30),(1605,4,12,43.00,90,321,6),(1606,4,12,13.00,90,322,25),(1607,4,12,41.00,90,322,18),(1608,4,12,22.00,90,322,2),(1609,4,12,26.00,90,322,21),(1610,4,12,15.00,90,322,27),(1611,4,12,44.00,90,323,18),(1612,4,12,44.00,90,323,20),(1613,4,12,58.00,90,323,16),(1614,4,12,37.00,90,323,23),(1615,4,12,45.00,90,323,21),(1616,4,12,56.00,90,324,7),(1617,4,12,39.00,90,324,26),(1618,4,12,38.00,90,324,12),(1619,4,12,36.00,90,324,23),(1620,4,12,41.00,90,324,16),(1621,4,12,26.00,90,325,8),(1622,4,12,47.00,90,325,20),(1623,4,12,28.00,90,325,20),(1624,4,12,59.00,90,325,17),(1625,4,12,33.00,90,325,26),(1626,4,12,30.00,90,326,8),(1627,4,12,38.00,90,326,25),(1628,4,12,10.00,90,326,26),(1629,4,12,40.00,90,326,19),(1630,4,12,52.00,90,326,8),(1631,4,12,23.00,90,327,21),(1632,4,12,23.00,90,327,10),(1633,4,12,40.00,90,327,21),(1634,4,12,41.00,90,327,13),(1635,4,12,21.00,90,327,16),(1636,4,12,60.00,90,328,16),(1637,4,12,10.00,90,328,1),(1638,4,12,35.00,90,328,10),(1639,4,12,32.00,90,328,27),(1640,4,12,49.00,90,328,19),(1641,4,12,30.00,90,329,26),(1642,4,12,52.00,90,329,3),(1643,4,12,30.00,90,329,28),(1644,4,12,29.00,90,329,22),(1645,4,12,44.00,90,329,24),(1646,4,12,22.00,90,330,22),(1647,4,12,29.00,90,330,19),(1648,4,12,43.00,90,330,5),(1649,4,12,26.00,90,330,2),(1650,4,12,18.00,90,330,21),(1651,4,12,53.00,90,331,29),(1652,4,12,46.00,90,331,3),(1653,4,12,30.00,90,331,20),(1654,4,12,44.00,90,331,30),(1655,4,12,46.00,90,331,6),(1656,4,12,43.00,90,332,22),(1657,4,12,50.00,90,332,16),(1658,4,12,51.00,90,332,30),(1659,4,12,49.00,90,332,9),(1660,4,12,28.00,90,332,5),(1661,4,12,44.00,90,333,15),(1662,4,12,42.00,90,333,10),(1663,4,12,25.00,90,333,4),(1664,4,12,56.00,90,333,27),(1665,4,12,26.00,90,333,10),(1666,4,12,55.00,90,334,14),(1667,4,12,45.00,90,334,14),(1668,4,12,26.00,90,334,12),(1669,4,12,17.00,90,334,24),(1670,4,12,34.00,90,334,10),(1671,4,12,40.00,90,335,19),(1672,4,12,34.00,90,335,14),(1673,4,12,47.00,90,335,23),(1674,4,12,14.00,90,335,30),(1675,4,12,12.00,90,335,13),(1676,4,12,13.00,90,336,28),(1677,4,12,39.00,90,336,10),(1678,4,12,15.00,90,336,19),(1679,4,12,35.00,90,336,27),(1680,4,12,20.00,90,336,25),(1681,4,12,33.00,90,337,27),(1682,4,12,24.00,90,337,21),(1683,4,12,43.00,90,337,27),(1684,4,12,32.00,90,337,16),(1685,4,12,24.00,90,337,6),(1686,4,12,10.00,90,338,20),(1687,4,12,45.00,90,338,27),(1688,4,12,34.00,90,338,26),(1689,4,12,45.00,90,338,30),(1690,4,12,26.00,90,338,11),(1691,4,12,48.00,90,339,1),(1692,4,12,50.00,90,339,21),(1693,4,12,49.00,90,339,29),(1694,4,12,59.00,90,339,4),(1695,4,12,22.00,90,339,11),(1696,4,12,27.00,90,340,8),(1697,4,12,15.00,90,340,25),(1698,4,12,29.00,90,340,7),(1699,4,12,27.00,90,340,10),(1700,4,12,33.00,90,340,18),(1701,4,12,36.00,90,341,17),(1702,4,12,56.00,90,341,8),(1703,4,12,50.00,90,341,9),(1704,4,12,48.00,90,341,23),(1705,4,12,40.00,90,341,17),(1706,4,12,26.00,90,342,14),(1707,4,12,51.00,90,342,9),(1708,4,12,28.00,90,342,17),(1709,4,12,48.00,90,342,24),(1710,4,12,43.00,90,342,24),(1711,4,12,42.00,90,343,25),(1712,4,12,12.00,90,343,11),(1713,4,12,46.00,90,343,16),(1714,4,12,30.00,90,343,21),(1715,4,12,46.00,90,343,26),(1716,4,12,45.00,90,344,29),(1717,4,12,18.00,90,344,8),(1718,4,12,24.00,90,344,24),(1719,4,12,51.00,90,344,20),(1720,4,12,16.00,90,344,22),(1721,4,12,17.00,90,345,25),(1722,4,12,44.00,90,345,12),(1723,4,12,47.00,90,345,1),(1724,4,12,60.00,90,345,9),(1725,4,12,14.00,90,345,16),(1726,4,12,21.00,90,346,1),(1727,4,12,49.00,90,346,21),(1728,4,12,12.00,90,346,9),(1729,4,12,56.00,90,346,4),(1730,4,12,57.00,90,346,28),(1731,4,12,56.00,90,347,25),(1732,4,12,16.00,90,347,25),(1733,4,12,44.00,90,347,21),(1734,4,12,15.00,90,347,1),(1735,4,12,13.00,90,347,10),(1736,4,12,35.00,90,348,16),(1737,4,12,59.00,90,348,21),(1738,4,12,51.00,90,348,15),(1739,4,12,38.00,90,348,7),(1740,4,12,22.00,90,348,27),(1741,4,12,22.00,90,349,3),(1742,4,12,40.00,90,349,5),(1743,4,12,27.00,90,349,21),(1744,4,12,47.00,90,349,23),(1745,4,12,46.00,90,349,3),(1746,4,12,45.00,90,350,11),(1747,4,12,18.00,90,350,25),(1748,4,12,49.00,90,350,30),(1749,4,12,35.00,90,350,2),(1750,4,12,24.00,90,350,19),(1751,4,12,60.00,90,351,1),(1752,4,12,58.00,90,351,21),(1753,4,12,17.00,90,351,19),(1754,4,12,39.00,90,351,23),(1755,4,12,52.00,90,351,26),(1756,4,12,30.00,90,352,20),(1757,4,12,55.00,90,352,15),(1758,4,12,58.00,90,352,19),(1759,4,12,36.00,90,352,3),(1760,4,12,20.00,90,352,12),(1761,4,12,38.00,90,353,22),(1762,4,12,60.00,90,353,4),(1763,4,12,59.00,90,353,8),(1764,4,12,53.00,90,353,25),(1765,4,12,29.00,90,353,4),(1766,4,12,50.00,90,354,14),(1767,4,12,12.00,90,354,16),(1768,4,12,40.00,90,354,17),(1769,4,12,38.00,90,354,10),(1770,4,12,14.00,90,354,24),(1771,4,12,20.00,90,355,22),(1772,4,12,54.00,90,355,19),(1773,4,12,34.00,90,355,28),(1774,4,12,44.00,90,355,23),(1775,4,12,15.00,90,355,13),(1776,4,12,36.00,90,356,21),(1777,4,12,32.00,90,356,20),(1778,4,12,11.00,90,356,17),(1779,4,12,15.00,90,356,13),(1780,4,12,19.00,90,356,9),(1781,4,12,52.00,90,357,30),(1782,4,12,51.00,90,357,10),(1783,4,12,11.00,90,357,12),(1784,4,12,12.00,90,357,29),(1785,4,12,16.00,90,357,1),(1786,4,12,27.00,90,358,15),(1787,4,12,59.00,90,358,2),(1788,4,12,35.00,90,358,22),(1789,4,12,45.00,90,358,24),(1790,4,12,43.00,90,358,13),(1791,4,12,49.00,90,359,24),(1792,4,12,14.00,90,359,1),(1793,4,12,47.00,90,359,20),(1794,4,12,46.00,90,359,15),(1795,4,12,47.00,90,359,19),(1796,4,12,53.00,90,360,22),(1797,4,12,46.00,90,360,13),(1798,4,12,46.00,90,360,17),(1799,4,12,42.00,90,360,1),(1800,4,12,13.00,90,360,30),(1801,4,12,49.00,90,361,23),(1802,4,12,48.00,90,361,16),(1803,4,12,43.00,90,361,18),(1804,4,12,21.00,90,361,13),(1805,4,12,59.00,90,361,3),(1806,4,12,30.00,90,362,23),(1807,4,12,60.00,90,362,18),(1808,4,12,26.00,90,362,19),(1809,4,12,36.00,90,362,11),(1810,4,12,52.00,90,362,1),(1811,4,12,11.00,90,363,30),(1812,4,12,51.00,90,363,2),(1813,4,12,60.00,90,363,10),(1814,4,12,59.00,90,363,5),(1815,4,12,27.00,90,363,2),(1816,4,12,48.00,90,364,21),(1817,4,12,44.00,90,364,9),(1818,4,12,22.00,90,364,22),(1819,4,12,38.00,90,364,12),(1820,4,12,49.00,90,364,12),(1821,4,12,60.00,90,365,27),(1822,4,12,12.00,90,365,30),(1823,4,12,34.00,90,365,12),(1824,4,12,53.00,90,365,9),(1825,4,12,37.00,90,365,12),(1826,4,12,49.00,90,366,30),(1827,4,12,38.00,90,366,23),(1828,4,12,10.00,90,366,30),(1829,4,12,13.00,90,366,3),(1830,4,12,55.00,90,366,18),(1831,4,12,44.00,90,367,13),(1832,4,12,15.00,90,367,2),(1833,4,12,42.00,90,367,28),(1834,4,12,40.00,90,367,18),(1835,4,12,10.00,90,367,13),(1836,4,12,40.00,90,368,20),(1837,4,12,43.00,90,368,8),(1838,4,12,27.00,90,368,23),(1839,4,12,36.00,90,368,29),(1840,4,12,41.00,90,368,10),(1841,4,12,57.00,90,369,3),(1842,4,12,17.00,90,369,5),(1843,4,12,13.00,90,369,23),(1844,4,12,31.00,90,369,26),(1845,4,12,21.00,90,369,7),(1846,4,12,18.00,90,370,9),(1847,4,12,48.00,90,370,19),(1848,4,12,43.00,90,370,4),(1849,4,12,23.00,90,370,9),(1850,4,12,13.00,90,370,3),(1851,4,12,40.00,90,371,17),(1852,4,12,49.00,90,371,16),(1853,4,12,42.00,90,371,7),(1854,4,12,54.00,90,371,6),(1855,4,12,26.00,90,371,19),(1856,4,12,12.00,90,372,29),(1857,4,12,48.00,90,372,5),(1858,4,12,22.00,90,372,24),(1859,4,12,39.00,90,372,14),(1860,4,12,12.00,90,372,12),(1861,4,12,37.00,90,373,11),(1862,4,12,53.00,90,373,4),(1863,4,12,28.00,90,373,2),(1864,4,12,25.00,90,373,13),(1865,4,12,56.00,90,373,28),(1866,4,12,58.00,90,374,30),(1867,4,12,12.00,90,374,8),(1868,4,12,33.00,90,374,14),(1869,4,12,46.00,90,374,26),(1870,4,12,54.00,90,374,9),(1871,4,12,45.00,90,375,21),(1872,4,12,58.00,90,375,19),(1873,4,12,53.00,90,375,15),(1874,4,12,56.00,90,375,4),(1875,4,12,56.00,90,375,21),(1876,4,12,58.00,90,376,20),(1877,4,12,30.00,90,376,26),(1878,4,12,53.00,90,376,12),(1879,4,12,38.00,90,376,3),(1880,4,12,21.00,90,376,5),(1881,4,12,57.00,90,377,9),(1882,4,12,42.00,90,377,7),(1883,4,12,28.00,90,377,18),(1884,4,12,27.00,90,377,11),(1885,4,12,39.00,90,377,14),(1886,4,12,40.00,90,378,14),(1887,4,12,25.00,90,378,23),(1888,4,12,27.00,90,378,30),(1889,4,12,20.00,90,378,4),(1890,4,12,31.00,90,378,9),(1891,4,12,51.00,90,379,5),(1892,4,12,50.00,90,379,27),(1893,4,12,41.00,90,379,14),(1894,4,12,53.00,90,379,18),(1895,4,12,57.00,90,379,16),(1896,4,12,12.00,90,380,8),(1897,4,12,26.00,90,380,28),(1898,4,12,52.00,90,380,30),(1899,4,12,45.00,90,380,22),(1900,4,12,36.00,90,380,24),(1901,4,12,19.00,90,381,15),(1902,4,12,10.00,90,381,30),(1903,4,12,56.00,90,381,2),(1904,4,12,32.00,90,381,28),(1905,4,12,13.00,90,381,19),(1906,4,12,25.00,90,382,21),(1907,4,12,32.00,90,382,22),(1908,4,12,43.00,90,382,9),(1909,4,12,39.00,90,382,16),(1910,4,12,37.00,90,382,27),(1911,4,12,34.00,90,383,14),(1912,4,12,41.00,90,383,13),(1913,4,12,34.00,90,383,14),(1914,4,12,25.00,90,383,22),(1915,4,12,13.00,90,383,30),(1916,4,12,22.00,90,384,19),(1917,4,12,33.00,90,384,19),(1918,4,12,56.00,90,384,5),(1919,4,12,53.00,90,384,14),(1920,4,12,54.00,90,384,7),(1921,4,12,14.00,90,385,12),(1922,4,12,11.00,90,385,16),(1923,4,12,43.00,90,385,24),(1924,4,12,42.00,90,385,18),(1925,4,12,22.00,90,385,23),(1926,4,12,37.00,90,386,12),(1927,4,12,32.00,90,386,28),(1928,4,12,46.00,90,386,29),(1929,4,12,54.00,90,386,30),(1930,4,12,35.00,90,386,10),(1931,4,12,31.00,90,387,27),(1932,4,12,19.00,90,387,7),(1933,4,12,40.00,90,387,28),(1934,4,12,34.00,90,387,3),(1935,4,12,10.00,90,387,14),(1936,4,12,28.00,90,388,20),(1937,4,12,54.00,90,388,14),(1938,4,12,51.00,90,388,2),(1939,4,12,60.00,90,388,11),(1940,4,12,32.00,90,388,27),(1941,4,12,34.00,90,389,17),(1942,4,12,19.00,90,389,25),(1943,4,12,34.00,90,389,7),(1944,4,12,31.00,90,389,10),(1945,4,12,30.00,90,389,17),(1946,4,12,53.00,90,390,4),(1947,4,12,24.00,90,390,17),(1948,4,12,12.00,90,390,19),(1949,4,12,45.00,90,390,2),(1950,4,12,57.00,90,390,30),(1951,4,12,14.00,90,391,20),(1952,4,12,59.00,90,391,1),(1953,4,12,37.00,90,391,11),(1954,4,12,43.00,90,391,29),(1955,4,12,53.00,90,391,2),(1956,4,12,48.00,90,392,26),(1957,4,12,45.00,90,392,26),(1958,4,12,56.00,90,392,30),(1959,4,12,47.00,90,392,25),(1960,4,12,58.00,90,392,28),(1961,4,12,51.00,90,393,11),(1962,4,12,47.00,90,393,6),(1963,4,12,24.00,90,393,29),(1964,4,12,45.00,90,393,17),(1965,4,12,48.00,90,393,3),(1966,4,12,35.00,90,394,10),(1967,4,12,31.00,90,394,17),(1968,4,12,38.00,90,394,6),(1969,4,12,33.00,90,394,13),(1970,4,12,26.00,90,394,10),(1971,4,12,13.00,90,395,6),(1972,4,12,19.00,90,395,18),(1973,4,12,51.00,90,395,14),(1974,4,12,36.00,90,395,24),(1975,4,12,59.00,90,395,2),(1976,4,12,56.00,90,396,20),(1977,4,12,29.00,90,396,8),(1978,4,12,36.00,90,396,1),(1979,4,12,32.00,90,396,17),(1980,4,12,21.00,90,396,24),(1981,4,12,27.00,90,397,4),(1982,4,12,47.00,90,397,13),(1983,4,12,54.00,90,397,1),(1984,4,12,15.00,90,397,3),(1985,4,12,28.00,90,397,11),(1986,4,12,27.00,90,398,21),(1987,4,12,57.00,90,398,15),(1988,4,12,52.00,90,398,18),(1989,4,12,41.00,90,398,8),(1990,4,12,19.00,90,398,29),(1991,4,12,48.00,90,399,11),(1992,4,12,34.00,90,399,28),(1993,4,12,56.00,90,399,4),(1994,4,12,42.00,90,399,17),(1995,4,12,36.00,90,399,18),(1996,4,12,11.00,90,400,8),(1997,4,12,14.00,90,400,2),(1998,4,12,27.00,90,400,1),(1999,4,12,22.00,90,400,7),(2000,4,12,11.00,90,400,12),(2001,4,12,55.00,90,401,25),(2002,4,12,53.00,90,401,13),(2003,4,12,44.00,90,401,20),(2004,4,12,39.00,90,401,13),(2005,4,12,30.00,90,401,29),(2006,4,12,53.00,90,402,30),(2007,4,12,22.00,90,402,29),(2008,4,12,10.00,90,402,8),(2009,4,12,36.00,90,402,5),(2010,4,12,49.00,90,402,22),(2011,4,12,33.00,90,403,12),(2012,4,12,11.00,90,403,10),(2013,4,12,54.00,90,403,29),(2014,4,12,19.00,90,403,3),(2015,4,12,20.00,90,403,18),(2016,4,12,13.00,90,404,29),(2017,4,12,52.00,90,404,13),(2018,4,12,10.00,90,404,20),(2019,4,12,38.00,90,404,8),(2020,4,12,51.00,90,404,2),(2021,4,12,11.00,90,405,13),(2022,4,12,37.00,90,405,11),(2023,4,12,13.00,90,405,19),(2024,4,12,56.00,90,405,10),(2025,4,12,22.00,90,405,2),(2026,4,12,42.00,90,406,9),(2027,4,12,52.00,90,406,9),(2028,4,12,39.00,90,406,12),(2029,4,12,42.00,90,406,25),(2030,4,12,21.00,90,406,18),(2031,4,12,30.00,90,407,26),(2032,4,12,41.00,90,407,5),(2033,4,12,36.00,90,407,12),(2034,4,12,39.00,90,407,24),(2035,4,12,20.00,90,407,15),(2036,4,12,16.00,90,408,22),(2037,4,12,33.00,90,408,24),(2038,4,12,37.00,90,408,1),(2039,4,12,23.00,90,408,11),(2040,4,12,31.00,90,408,30),(2041,4,12,16.00,90,409,21),(2042,4,12,37.00,90,409,5),(2043,4,12,56.00,90,409,2),(2044,4,12,31.00,90,409,12),(2045,4,12,58.00,90,409,13),(2046,4,12,57.00,90,410,6),(2047,4,12,36.00,90,410,27),(2048,4,12,59.00,90,410,23),(2049,4,12,27.00,90,410,20),(2050,4,12,12.00,90,410,25),(2051,4,12,19.00,90,411,10),(2052,4,12,40.00,90,411,2),(2053,4,12,50.00,90,411,23),(2054,4,12,55.00,90,411,25),(2055,4,12,22.00,90,411,5),(2056,4,12,49.00,90,412,8),(2057,4,12,12.00,90,412,14),(2058,4,12,39.00,90,412,8),(2059,4,12,60.00,90,412,17),(2060,4,12,33.00,90,412,21),(2061,4,12,59.00,90,413,11),(2062,4,12,50.00,90,413,21),(2063,4,12,24.00,90,413,18),(2064,4,12,32.00,90,413,22),(2065,4,12,27.00,90,413,14),(2066,4,12,22.00,90,414,19),(2067,4,12,38.00,90,414,4),(2068,4,12,34.00,90,414,9),(2069,4,12,44.00,90,414,10),(2070,4,12,49.00,90,414,18),(2071,4,12,30.00,90,415,20),(2072,4,12,29.00,90,415,2),(2073,4,12,30.00,90,415,16),(2074,4,12,41.00,90,415,6),(2075,4,12,49.00,90,415,12),(2076,4,12,16.00,90,416,1),(2077,4,12,21.00,90,416,26),(2078,4,12,16.00,90,416,30),(2079,4,12,23.00,90,416,1),(2080,4,12,24.00,90,416,30),(2081,4,12,30.00,90,417,16),(2082,4,12,36.00,90,417,15),(2083,4,12,23.00,90,417,16),(2084,4,12,49.00,90,417,25),(2085,4,12,36.00,90,417,30),(2086,4,12,53.00,90,418,2),(2087,4,12,36.00,90,418,21),(2088,4,12,45.00,90,418,2),(2089,4,12,27.00,90,418,4),(2090,4,12,33.00,90,418,8),(2091,4,12,23.00,90,419,8),(2092,4,12,52.00,90,419,21),(2093,4,12,59.00,90,419,6),(2094,4,12,40.00,90,419,8),(2095,4,12,51.00,90,419,12),(2096,4,12,42.00,90,420,28),(2097,4,12,20.00,90,420,10),(2098,4,12,44.00,90,420,25),(2099,4,12,45.00,90,420,11),(2100,4,12,55.00,90,420,17),(2101,4,12,33.00,90,421,15),(2102,4,12,34.00,90,421,3),(2103,4,12,14.00,90,421,12),(2104,4,12,49.00,90,421,18),(2105,4,12,41.00,90,421,29),(2106,4,12,41.00,90,422,22),(2107,4,12,11.00,90,422,18),(2108,4,12,39.00,90,422,12),(2109,4,12,11.00,90,422,12),(2110,4,12,13.00,90,422,27),(2111,4,12,28.00,90,423,11),(2112,4,12,23.00,90,423,10),(2113,4,12,45.00,90,423,8),(2114,4,12,19.00,90,423,3),(2115,4,12,29.00,90,423,29),(2116,4,12,47.00,90,424,22),(2117,4,12,28.00,90,424,19),(2118,4,12,11.00,90,424,25),(2119,4,12,49.00,90,424,5),(2120,4,12,54.00,90,424,9),(2121,4,12,45.00,90,425,8),(2122,4,12,13.00,90,425,24),(2123,4,12,47.00,90,425,27),(2124,4,12,37.00,90,425,29),(2125,4,12,16.00,90,425,4),(2126,4,12,25.00,90,426,30),(2127,4,12,36.00,90,426,18),(2128,4,12,59.00,90,426,30),(2129,4,12,51.00,90,426,4),(2130,4,12,12.00,90,426,29),(2131,4,12,53.00,90,427,16),(2132,4,12,30.00,90,427,13),(2133,4,12,56.00,90,427,13),(2134,4,12,59.00,90,427,3),(2135,4,12,57.00,90,427,26),(2136,4,12,59.00,90,428,2),(2137,4,12,41.00,90,428,7),(2138,4,12,16.00,90,428,15),(2139,4,12,20.00,90,428,23),(2140,4,12,33.00,90,428,18),(2141,4,12,24.00,90,429,21),(2142,4,12,28.00,90,429,29),(2143,4,12,31.00,90,429,6),(2144,4,12,33.00,90,429,11),(2145,4,12,34.00,90,429,30),(2146,4,12,15.00,90,430,13),(2147,4,12,44.00,90,430,4),(2148,4,12,44.00,90,430,19),(2149,4,12,39.00,90,430,27),(2150,4,12,49.00,90,430,23),(2151,4,12,41.00,90,431,5),(2152,4,12,23.00,90,431,7),(2153,4,12,27.00,90,431,23),(2154,4,12,39.00,90,431,16),(2155,4,12,23.00,90,431,7),(2156,4,12,23.00,90,432,29),(2157,4,12,59.00,90,432,21),(2158,4,12,30.00,90,432,18),(2159,4,12,13.00,90,432,21),(2160,4,12,37.00,90,432,14),(2161,4,12,48.00,90,433,14),(2162,4,12,24.00,90,433,22),(2163,4,12,47.00,90,433,1),(2164,4,12,19.00,90,433,12),(2165,4,12,18.00,90,433,1),(2166,4,12,44.00,90,434,10),(2167,4,12,51.00,90,434,4),(2168,4,12,29.00,90,434,29),(2169,4,12,36.00,90,434,26),(2170,4,12,19.00,90,434,23),(2171,4,12,41.00,90,435,28),(2172,4,12,25.00,90,435,9),(2173,4,12,53.00,90,435,22),(2174,4,12,23.00,90,435,3),(2175,4,12,28.00,90,435,25),(2176,4,12,58.00,90,436,16),(2177,4,12,26.00,90,436,2),(2178,4,12,60.00,90,436,10),(2179,4,12,18.00,90,436,16),(2180,4,12,45.00,90,436,21),(2181,4,12,21.00,90,437,13),(2182,4,12,43.00,90,437,14),(2183,4,12,10.00,90,437,9),(2184,4,12,42.00,90,437,16),(2185,4,12,58.00,90,437,14),(2186,4,12,32.00,90,438,11),(2187,4,12,20.00,90,438,19),(2188,4,12,25.00,90,438,27),(2189,4,12,60.00,90,438,19),(2190,4,12,46.00,90,438,28),(2191,4,12,59.00,90,439,11),(2192,4,12,20.00,90,439,27),(2193,4,12,19.00,90,439,16),(2194,4,12,58.00,90,439,17),(2195,4,12,28.00,90,439,21),(2196,4,12,37.00,90,440,8),(2197,4,12,60.00,90,440,2),(2198,4,12,20.00,90,440,29),(2199,4,12,30.00,90,440,21),(2200,4,12,35.00,90,440,23),(2201,4,12,46.00,90,441,2),(2202,4,12,49.00,90,441,2),(2203,4,12,48.00,90,441,25),(2204,4,12,58.00,90,441,26),(2205,4,12,25.00,90,441,21),(2206,4,12,20.00,90,442,21),(2207,4,12,24.00,90,442,4),(2208,4,12,29.00,90,442,14),(2209,4,12,50.00,90,442,23),(2210,4,12,36.00,90,442,23),(2211,4,12,45.00,90,443,16),(2212,4,12,14.00,90,443,18),(2213,4,12,28.00,90,443,5),(2214,4,12,27.00,90,443,14),(2215,4,12,57.00,90,443,9),(2216,4,12,58.00,90,444,22),(2217,4,12,20.00,90,444,25),(2218,4,12,11.00,90,444,24),(2219,4,12,10.00,90,444,24),(2220,4,12,49.00,90,444,11),(2221,4,12,42.00,90,445,2),(2222,4,12,10.00,90,445,20),(2223,4,12,56.00,90,445,14),(2224,4,12,11.00,90,445,2),(2225,4,12,59.00,90,445,23),(2226,4,12,59.00,90,446,21),(2227,4,12,16.00,90,446,28),(2228,4,12,54.00,90,446,1),(2229,4,12,43.00,90,446,13),(2230,4,12,50.00,90,446,29),(2231,4,12,60.00,90,447,25),(2232,4,12,57.00,90,447,21),(2233,4,12,27.00,90,447,10),(2234,4,12,15.00,90,447,22),(2235,4,12,32.00,90,447,11),(2236,4,12,21.00,90,448,27),(2237,4,12,52.00,90,448,12),(2238,4,12,60.00,90,448,10),(2239,4,12,34.00,90,448,26),(2240,4,12,41.00,90,448,19),(2241,4,12,29.00,90,449,20),(2242,4,12,21.00,90,449,7),(2243,4,12,34.00,90,449,9),(2244,4,12,36.00,90,449,28),(2245,4,12,36.00,90,449,15),(2246,4,12,51.00,90,450,28),(2247,4,12,26.00,90,450,29),(2248,4,12,59.00,90,450,27),(2249,4,12,20.00,90,450,3),(2250,4,12,35.00,90,450,27),(2251,4,12,56.00,90,451,28),(2252,4,12,53.00,90,451,4),(2253,4,12,20.00,90,451,29),(2254,4,12,17.00,90,451,5),(2255,4,12,31.00,90,451,15),(2256,4,12,43.00,90,452,14),(2257,4,12,15.00,90,452,25),(2258,4,12,32.00,90,452,7),(2259,4,12,56.00,90,452,28),(2260,4,12,57.00,90,452,19),(2261,4,12,53.00,90,453,1),(2262,4,12,33.00,90,453,21),(2263,4,12,53.00,90,453,4),(2264,4,12,46.00,90,453,23),(2265,4,12,48.00,90,453,13),(2266,4,12,35.00,90,454,24),(2267,4,12,43.00,90,454,17),(2268,4,12,52.00,90,454,11),(2269,4,12,24.00,90,454,26),(2270,4,12,12.00,90,454,20),(2271,4,12,42.00,90,455,11),(2272,4,12,14.00,90,455,9),(2273,4,12,31.00,90,455,6),(2274,4,12,51.00,90,455,10),(2275,4,12,11.00,90,455,2),(2276,4,12,25.00,90,456,17),(2277,4,12,58.00,90,456,28),(2278,4,12,55.00,90,456,12),(2279,4,12,31.00,90,456,18),(2280,4,12,56.00,90,456,9),(2281,4,12,48.00,90,457,5),(2282,4,12,41.00,90,457,13),(2283,4,12,58.00,90,457,18),(2284,4,12,39.00,90,457,19),(2285,4,12,37.00,90,457,18),(2286,4,12,22.00,90,458,5),(2287,4,12,17.00,90,458,30),(2288,4,12,24.00,90,458,24),(2289,4,12,30.00,90,458,29),(2290,4,12,24.00,90,458,7),(2291,4,12,45.00,90,459,24),(2292,4,12,44.00,90,459,15),(2293,4,12,44.00,90,459,25),(2294,4,12,24.00,90,459,17),(2295,4,12,40.00,90,459,19),(2296,4,12,25.00,90,460,4),(2297,4,12,48.00,90,460,27),(2298,4,12,33.00,90,460,26),(2299,4,12,51.00,90,460,10),(2300,4,12,19.00,90,460,29),(2301,4,12,38.00,90,461,5),(2302,4,12,22.00,90,461,28),(2303,4,12,35.00,90,461,25),(2304,4,12,60.00,90,461,2),(2305,4,12,25.00,90,461,21),(2306,4,12,52.00,90,462,3),(2307,4,12,12.00,90,462,6),(2308,4,12,27.00,90,462,23),(2309,4,12,12.00,90,462,3),(2310,4,12,18.00,90,462,12),(2311,4,12,22.00,90,463,9),(2312,4,12,54.00,90,463,8),(2313,4,12,38.00,90,463,4),(2314,4,12,58.00,90,463,12),(2315,4,12,50.00,90,463,3),(2316,4,12,58.00,90,464,11),(2317,4,12,19.00,90,464,10),(2318,4,12,55.00,90,464,17),(2319,4,12,53.00,90,464,4),(2320,4,12,51.00,90,464,6),(2321,4,12,25.00,90,465,3),(2322,4,12,23.00,90,465,28),(2323,4,12,24.00,90,465,13),(2324,4,12,59.00,90,465,6),(2325,4,12,51.00,90,465,30),(2326,4,12,47.00,90,466,23),(2327,4,12,52.00,90,466,4),(2328,4,12,19.00,90,466,26),(2329,4,12,52.00,90,466,1),(2330,4,12,32.00,90,466,25),(2331,4,12,24.00,90,467,27),(2332,4,12,41.00,90,467,28),(2333,4,12,60.00,90,467,26),(2334,4,12,54.00,90,467,25),(2335,4,12,43.00,90,467,11),(2336,4,12,13.00,90,468,12),(2337,4,12,28.00,90,468,6),(2338,4,12,19.00,90,468,15),(2339,4,12,43.00,90,468,26),(2340,4,12,51.00,90,468,9),(2341,4,12,58.00,90,469,15),(2342,4,12,26.00,90,469,27),(2343,4,12,10.00,90,469,5),(2344,4,12,41.00,90,469,26),(2345,4,12,37.00,90,469,7),(2346,4,12,20.00,90,470,4),(2347,4,12,25.00,90,470,13),(2348,4,12,13.00,90,470,28),(2349,4,12,51.00,90,470,18),(2350,4,12,33.00,90,470,16),(2351,4,12,27.00,90,471,27),(2352,4,12,47.00,90,471,11),(2353,4,12,10.00,90,471,18),(2354,4,12,49.00,90,471,25),(2355,4,12,39.00,90,471,4),(2356,4,12,31.00,90,472,2),(2357,4,12,31.00,90,472,5),(2358,4,12,34.00,90,472,15),(2359,4,12,15.00,90,472,30),(2360,4,12,25.00,90,472,13),(2361,4,12,33.00,90,473,5),(2362,4,12,52.00,90,473,30),(2363,4,12,23.00,90,473,15),(2364,4,12,13.00,90,473,13),(2365,4,12,56.00,90,473,29),(2366,4,12,30.00,90,474,27),(2367,4,12,38.00,90,474,16),(2368,4,12,53.00,90,474,12),(2369,4,12,11.00,90,474,7),(2370,4,12,50.00,90,474,1),(2371,4,12,52.00,90,475,5),(2372,4,12,16.00,90,475,30),(2373,4,12,29.00,90,475,15),(2374,4,12,42.00,90,475,28),(2375,4,12,21.00,90,475,15),(2376,4,12,15.00,90,476,7),(2377,4,12,21.00,90,476,10),(2378,4,12,33.00,90,476,23),(2379,4,12,53.00,90,476,15),(2380,4,12,32.00,90,476,1),(2381,4,12,31.00,90,477,26),(2382,4,12,54.00,90,477,4),(2383,4,12,36.00,90,477,15),(2384,4,12,37.00,90,477,27),(2385,4,12,11.00,90,477,13),(2386,4,12,16.00,90,478,1),(2387,4,12,52.00,90,478,18),(2388,4,12,51.00,90,478,26),(2389,4,12,17.00,90,478,19),(2390,4,12,16.00,90,478,12),(2391,4,12,54.00,90,479,5),(2392,4,12,59.00,90,479,6),(2393,4,12,53.00,90,479,13),(2394,4,12,26.00,90,479,24),(2395,4,12,21.00,90,479,8),(2396,4,12,55.00,90,480,28),(2397,4,12,10.00,90,480,2),(2398,4,12,12.00,90,480,25),(2399,4,12,28.00,90,480,5),(2400,4,12,13.00,90,480,23),(2401,4,12,36.00,90,481,27),(2402,4,12,24.00,90,481,1),(2403,4,12,48.00,90,481,17),(2404,4,12,30.00,90,481,16),(2405,4,12,19.00,90,481,12),(2406,4,12,46.00,90,482,19),(2407,4,12,36.00,90,482,11),(2408,4,12,38.00,90,482,3),(2409,4,12,47.00,90,482,23),(2410,4,12,16.00,90,482,20),(2411,4,12,45.00,90,483,8),(2412,4,12,26.00,90,483,12),(2413,4,12,46.00,90,483,25),(2414,4,12,56.00,90,483,24),(2415,4,12,34.00,90,483,13),(2416,4,12,52.00,90,484,6),(2417,4,12,17.00,90,484,20),(2418,4,12,19.00,90,484,16),(2419,4,12,34.00,90,484,23),(2420,4,12,30.00,90,484,8),(2421,4,12,58.00,90,485,5),(2422,4,12,21.00,90,485,10),(2423,4,12,33.00,90,485,16),(2424,4,12,33.00,90,485,21),(2425,4,12,32.00,90,485,9),(2426,4,12,55.00,90,486,4),(2427,4,12,24.00,90,486,30),(2428,4,12,39.00,90,486,17),(2429,4,12,51.00,90,486,29),(2430,4,12,36.00,90,486,7),(2431,4,12,59.00,90,487,23),(2432,4,12,24.00,90,487,21),(2433,4,12,38.00,90,487,18),(2434,4,12,55.00,90,487,12),(2435,4,12,42.00,90,487,3),(2436,4,12,55.00,90,488,22),(2437,4,12,53.00,90,488,19),(2438,4,12,51.00,90,488,16),(2439,4,12,55.00,90,488,9),(2440,4,12,22.00,90,488,3),(2441,4,12,11.00,90,489,14),(2442,4,12,52.00,90,489,30),(2443,4,12,58.00,90,489,21),(2444,4,12,41.00,90,489,10),(2445,4,12,30.00,90,489,26),(2446,4,12,54.00,90,490,13),(2447,4,12,46.00,90,490,17),(2448,4,12,48.00,90,490,12),(2449,4,12,42.00,90,490,25),(2450,4,12,21.00,90,490,27),(2451,4,12,37.00,90,491,9),(2452,4,12,40.00,90,491,20),(2453,4,12,55.00,90,491,19),(2454,4,12,27.00,90,491,18),(2455,4,12,49.00,90,491,20),(2456,4,12,28.00,90,492,24),(2457,4,12,45.00,90,492,20),(2458,4,12,60.00,90,492,5),(2459,4,12,36.00,90,492,15),(2460,4,12,60.00,90,492,8),(2461,4,12,29.00,90,493,24),(2462,4,12,57.00,90,493,12),(2463,4,12,22.00,90,493,19),(2464,4,12,11.00,90,493,19),(2465,4,12,38.00,90,493,12),(2466,4,12,48.00,90,494,3),(2467,4,12,45.00,90,494,5),(2468,4,12,28.00,90,494,30),(2469,4,12,21.00,90,494,26),(2470,4,12,29.00,90,494,16),(2471,4,12,42.00,90,495,19),(2472,4,12,41.00,90,495,16),(2473,4,12,59.00,90,495,8),(2474,4,12,49.00,90,495,10),(2475,4,12,49.00,90,495,5),(2476,4,12,44.00,90,496,30),(2477,4,12,24.00,90,496,3),(2478,4,12,24.00,90,496,9),(2479,4,12,17.00,90,496,25),(2480,4,12,20.00,90,496,15),(2481,4,12,23.00,90,497,14),(2482,4,12,59.00,90,497,27),(2483,4,12,50.00,90,497,21),(2484,4,12,47.00,90,497,6),(2485,4,12,30.00,90,497,22),(2486,4,12,14.00,90,498,28),(2487,4,12,43.00,90,498,17),(2488,4,12,49.00,90,498,14),(2489,4,12,46.00,90,498,18),(2490,4,12,54.00,90,498,11),(2491,4,12,55.00,90,499,4),(2492,4,12,44.00,90,499,24),(2493,4,12,28.00,90,499,3),(2494,4,12,11.00,90,499,21),(2495,4,12,28.00,90,499,22),(2496,4,12,17.00,90,500,21),(2497,4,12,18.00,90,500,24),(2498,4,12,20.00,90,500,1),(2499,4,12,18.00,90,500,2),(2500,4,12,22.00,90,500,13),(2501,4,12,11.00,90,501,29),(2502,4,12,33.00,90,501,11),(2503,4,12,54.00,90,501,10),(2504,4,12,39.00,90,501,13),(2505,4,12,28.00,90,501,18),(2506,4,12,13.00,90,502,15),(2507,4,12,13.00,90,502,26),(2508,4,12,15.00,90,502,18),(2509,4,12,11.00,90,502,22),(2510,4,12,53.00,90,502,12),(2511,4,12,40.00,90,503,13),(2512,4,12,11.00,90,503,17),(2513,4,12,37.00,90,503,5),(2514,4,12,34.00,90,503,30),(2515,4,12,32.00,90,503,28),(2516,4,12,59.00,90,504,6),(2517,4,12,25.00,90,504,29),(2518,4,12,54.00,90,504,8),(2519,4,12,58.00,90,504,14),(2520,4,12,43.00,90,504,6),(2521,4,12,25.00,90,505,1),(2522,4,12,48.00,90,505,9),(2523,4,12,15.00,90,505,3),(2524,4,12,35.00,90,505,1),(2525,4,12,29.00,90,505,30),(2526,4,12,49.00,90,506,16),(2527,4,12,15.00,90,506,28),(2528,4,12,56.00,90,506,15),(2529,4,12,43.00,90,506,26),(2530,4,12,60.00,90,506,9),(2531,4,12,14.00,90,507,6),(2532,4,12,10.00,90,507,11),(2533,4,12,14.00,90,507,20),(2534,4,12,41.00,90,507,14),(2535,4,12,41.00,90,507,16),(2536,4,12,39.00,90,508,22),(2537,4,12,25.00,90,508,10),(2538,4,12,53.00,90,508,14),(2539,4,12,50.00,90,508,6),(2540,4,12,35.00,90,508,6),(2541,4,12,45.00,90,509,5),(2542,4,12,55.00,90,509,1),(2543,4,12,46.00,90,509,12),(2544,4,12,55.00,90,509,27),(2545,4,12,12.00,90,509,6),(2546,4,12,12.00,90,510,29),(2547,4,12,27.00,90,510,19),(2548,4,12,36.00,90,510,1),(2549,4,12,11.00,90,510,16),(2550,4,12,33.00,90,510,17),(2551,4,12,56.00,90,511,5),(2552,4,12,21.00,90,511,15),(2553,4,12,10.00,90,511,28),(2554,4,12,27.00,90,511,29),(2555,4,12,30.00,90,511,29),(2556,4,12,30.00,90,512,5),(2557,4,12,39.00,90,512,9),(2558,4,12,29.00,90,512,8),(2559,4,12,25.00,90,512,19),(2560,4,12,17.00,90,512,16),(2561,4,12,60.00,90,513,6),(2562,4,12,16.00,90,513,7),(2563,4,12,10.00,90,513,30),(2564,4,12,42.00,90,513,1),(2565,4,12,16.00,90,513,19),(2566,4,12,16.00,90,514,4),(2567,4,12,15.00,90,514,14),(2568,4,12,31.00,90,514,16),(2569,4,12,15.00,90,514,12),(2570,4,12,43.00,90,514,4),(2571,4,12,45.00,90,515,23),(2572,4,12,27.00,90,515,4),(2573,4,12,39.00,90,515,16),(2574,4,12,25.00,90,515,19),(2575,4,12,37.00,90,515,20),(2576,4,12,11.00,90,516,8),(2577,4,12,51.00,90,516,22),(2578,4,12,22.00,90,516,26),(2579,4,12,37.00,90,516,18),(2580,4,12,38.00,90,516,15),(2581,4,12,52.00,90,517,27),(2582,4,12,18.00,90,517,18),(2583,4,12,36.00,90,517,30),(2584,4,12,60.00,90,517,21),(2585,4,12,36.00,90,517,5),(2586,4,12,39.00,90,518,2),(2587,4,12,22.00,90,518,26),(2588,4,12,40.00,90,518,15),(2589,4,12,56.00,90,518,20),(2590,4,12,43.00,90,518,13),(2591,4,12,28.00,90,519,6),(2592,4,12,37.00,90,519,18),(2593,4,12,30.00,90,519,10),(2594,4,12,12.00,90,519,13),(2595,4,12,25.00,90,519,3),(2596,4,12,42.00,90,520,15),(2597,4,12,15.00,90,520,29),(2598,4,12,17.00,90,520,20),(2599,4,12,27.00,90,520,11),(2600,4,12,42.00,90,520,11),(2601,4,12,13.00,90,521,27),(2602,4,12,41.00,90,521,21),(2603,4,12,12.00,90,521,11),(2604,4,12,40.00,90,521,29),(2605,4,12,25.00,90,521,6),(2606,4,12,49.00,90,522,5),(2607,4,12,34.00,90,522,29),(2608,4,12,25.00,90,522,2),(2609,4,12,26.00,90,522,25),(2610,4,12,59.00,90,522,18),(2611,4,12,21.00,90,523,22),(2612,4,12,21.00,90,523,14),(2613,4,12,49.00,90,523,12),(2614,4,12,38.00,90,523,8),(2615,4,12,21.00,90,523,18),(2616,4,12,25.00,90,524,10),(2617,4,12,33.00,90,524,23),(2618,4,12,27.00,90,524,30),(2619,4,12,45.00,90,524,6),(2620,4,12,37.00,90,524,23),(2621,4,12,39.00,90,525,7),(2622,4,12,16.00,90,525,24),(2623,4,12,34.00,90,525,25),(2624,4,12,24.00,90,525,18),(2625,4,12,17.00,90,525,25),(2626,4,12,29.00,90,526,22),(2627,4,12,26.00,90,526,19),(2628,4,12,54.00,90,526,20),(2629,4,12,23.00,90,526,24),(2630,4,12,52.00,90,526,29),(2631,4,12,33.00,90,527,28),(2632,4,12,60.00,90,527,9),(2633,4,12,42.00,90,527,7),(2634,4,12,19.00,90,527,16),(2635,4,12,39.00,90,527,1),(2636,4,12,11.00,90,528,5),(2637,4,12,50.00,90,528,24),(2638,4,12,20.00,90,528,23),(2639,4,12,54.00,90,528,26),(2640,4,12,43.00,90,528,23),(2641,4,12,33.00,90,529,22),(2642,4,12,45.00,90,529,29),(2643,4,12,48.00,90,529,26),(2644,4,12,60.00,90,529,26),(2645,4,12,12.00,90,529,26),(2646,4,12,23.00,90,530,6),(2647,4,12,45.00,90,530,9),(2648,4,12,49.00,90,530,17),(2649,4,12,45.00,90,530,5),(2650,4,12,20.00,90,530,30),(2651,4,12,48.00,90,531,17),(2652,4,12,38.00,90,531,10),(2653,4,12,18.00,90,531,19),(2654,4,12,29.00,90,531,22),(2655,4,12,15.00,90,531,2),(2656,4,12,57.00,90,532,3),(2657,4,12,58.00,90,532,10),(2658,4,12,51.00,90,532,29),(2659,4,12,18.00,90,532,19),(2660,4,12,53.00,90,532,8),(2661,4,12,22.00,90,533,19),(2662,4,12,30.00,90,533,1),(2663,4,12,55.00,90,533,18),(2664,4,12,40.00,90,533,28),(2665,4,12,52.00,90,533,23),(2666,4,12,43.00,90,534,30),(2667,4,12,11.00,90,534,18),(2668,4,12,26.00,90,534,1),(2669,4,12,54.00,90,534,25),(2670,4,12,35.00,90,534,18),(2671,4,12,51.00,90,535,14),(2672,4,12,43.00,90,535,3),(2673,4,12,20.00,90,535,9),(2674,4,12,42.00,90,535,22),(2675,4,12,48.00,90,535,6),(2676,4,12,12.00,90,536,19),(2677,4,12,12.00,90,536,26),(2678,4,12,31.00,90,536,11),(2679,4,12,11.00,90,536,13),(2680,4,12,30.00,90,536,7),(2681,4,12,54.00,90,537,13),(2682,4,12,48.00,90,537,30),(2683,4,12,12.00,90,537,16),(2684,4,12,40.00,90,537,10),(2685,4,12,31.00,90,537,4),(2686,4,12,53.00,90,538,12),(2687,4,12,14.00,90,538,7),(2688,4,12,49.00,90,538,24),(2689,4,12,41.00,90,538,27),(2690,4,12,57.00,90,538,15),(2691,4,12,40.00,90,539,29),(2692,4,12,58.00,90,539,30),(2693,4,12,21.00,90,539,25),(2694,4,12,33.00,90,539,12),(2695,4,12,18.00,90,539,9),(2696,4,12,43.00,90,540,2),(2697,4,12,27.00,90,540,22),(2698,4,12,24.00,90,540,19),(2699,4,12,34.00,90,540,14),(2700,4,12,15.00,90,540,22),(2701,4,12,22.00,90,541,27),(2702,4,12,59.00,90,541,21),(2703,4,12,20.00,90,541,15),(2704,4,12,40.00,90,541,19),(2705,4,12,52.00,90,541,2),(2706,4,12,40.00,90,542,11),(2707,4,12,45.00,90,542,2),(2708,4,12,21.00,90,542,23),(2709,4,12,40.00,90,542,6),(2710,4,12,44.00,90,542,18),(2711,4,12,32.00,90,543,16),(2712,4,12,47.00,90,543,27),(2713,4,12,51.00,90,543,15),(2714,4,12,58.00,90,543,4),(2715,4,12,28.00,90,543,14),(2716,4,12,32.00,90,544,7),(2717,4,12,51.00,90,544,20),(2718,4,12,19.00,90,544,10),(2719,4,12,36.00,90,544,16),(2720,4,12,28.00,90,544,24),(2721,4,12,11.00,90,545,5),(2722,4,12,22.00,90,545,15),(2723,4,12,21.00,90,545,1),(2724,4,12,15.00,90,545,3),(2725,4,12,10.00,90,545,25),(2726,4,12,48.00,90,546,17),(2727,4,12,47.00,90,546,7),(2728,4,12,22.00,90,546,1),(2729,4,12,23.00,90,546,16),(2730,4,12,25.00,90,546,26),(2731,4,12,23.00,90,547,14),(2732,4,12,41.00,90,547,30),(2733,4,12,46.00,90,547,12),(2734,4,12,32.00,90,547,16),(2735,4,12,54.00,90,547,14),(2736,4,12,38.00,90,548,28),(2737,4,12,33.00,90,548,12),(2738,4,12,13.00,90,548,23),(2739,4,12,43.00,90,548,16),(2740,4,12,42.00,90,548,2),(2741,4,12,45.00,90,549,28),(2742,4,12,31.00,90,549,13),(2743,4,12,11.00,90,549,27),(2744,4,12,25.00,90,549,8),(2745,4,12,55.00,90,549,18),(2746,4,12,60.00,90,550,15),(2747,4,12,30.00,90,550,12),(2748,4,12,35.00,90,550,23),(2749,4,12,13.00,90,550,15),(2750,4,12,42.00,90,550,15),(2751,4,12,37.00,90,551,5),(2752,4,12,11.00,90,551,2),(2753,4,12,56.00,90,551,10),(2754,4,12,54.00,90,551,16),(2755,4,12,38.00,90,551,21),(2756,4,12,17.00,90,552,16),(2757,4,12,21.00,90,552,16),(2758,4,12,25.00,90,552,8),(2759,4,12,46.00,90,552,25),(2760,4,12,14.00,90,552,13),(2761,4,12,31.00,90,553,11),(2762,4,12,17.00,90,553,11),(2763,4,12,12.00,90,553,8),(2764,4,12,43.00,90,553,3),(2765,4,12,46.00,90,553,23),(2766,4,12,24.00,90,554,19),(2767,4,12,16.00,90,554,28),(2768,4,12,52.00,90,554,25),(2769,4,12,11.00,90,554,4),(2770,4,12,58.00,90,554,10),(2771,4,12,35.00,90,555,1),(2772,4,12,18.00,90,555,22),(2773,4,12,51.00,90,555,17),(2774,4,12,23.00,90,555,19),(2775,4,12,22.00,90,555,9),(2776,4,12,50.00,90,556,5),(2777,4,12,52.00,90,556,19),(2778,4,12,36.00,90,556,20),(2779,4,12,49.00,90,556,20),(2780,4,12,19.00,90,556,19),(2781,4,12,45.00,90,557,25),(2782,4,12,14.00,90,557,23),(2783,4,12,34.00,90,557,9),(2784,4,12,55.00,90,557,8),(2785,4,12,11.00,90,557,10),(2786,4,12,58.00,90,558,19),(2787,4,12,23.00,90,558,26),(2788,4,12,54.00,90,558,13),(2789,4,12,20.00,90,558,4),(2790,4,12,37.00,90,558,12),(2791,4,12,49.00,90,559,25),(2792,4,12,49.00,90,559,30),(2793,4,12,45.00,90,559,27),(2794,4,12,50.00,90,559,12),(2795,4,12,55.00,90,559,5),(2796,4,12,21.00,90,560,22),(2797,4,12,58.00,90,560,24),(2798,4,12,48.00,90,560,27),(2799,4,12,51.00,90,560,6),(2800,4,12,38.00,90,560,13),(2801,4,12,22.00,90,561,25),(2802,4,12,52.00,90,561,14),(2803,4,12,23.00,90,561,23),(2804,4,12,10.00,90,561,7),(2805,4,12,56.00,90,561,30),(2806,4,12,58.00,90,562,18),(2807,4,12,37.00,90,562,3),(2808,4,12,38.00,90,562,30),(2809,4,12,18.00,90,562,10),(2810,4,12,33.00,90,562,2),(2811,4,12,18.00,90,563,23),(2812,4,12,40.00,90,563,17),(2813,4,12,28.00,90,563,15),(2814,4,12,12.00,90,563,1),(2815,4,12,17.00,90,563,9),(2816,4,12,12.00,90,564,27),(2817,4,12,36.00,90,564,13),(2818,4,12,47.00,90,564,5),(2819,4,12,16.00,90,564,8),(2820,4,12,54.00,90,564,10),(2821,4,12,47.00,90,565,16),(2822,4,12,56.00,90,565,30),(2823,4,12,49.00,90,565,9),(2824,4,12,54.00,90,565,29),(2825,4,12,39.00,90,565,17),(2826,4,12,29.00,90,566,19),(2827,4,12,23.00,90,566,13),(2828,4,12,51.00,90,566,13),(2829,4,12,24.00,90,566,12),(2830,4,12,45.00,90,566,1),(2831,4,12,15.00,90,567,3),(2832,4,12,55.00,90,567,24),(2833,4,12,37.00,90,567,21),(2834,4,12,57.00,90,567,29),(2835,4,12,46.00,90,567,23),(2836,4,12,14.00,90,568,16),(2837,4,12,38.00,90,568,4),(2838,4,12,20.00,90,568,12),(2839,4,12,59.00,90,568,7),(2840,4,12,57.00,90,568,16),(2841,4,12,25.00,90,569,16),(2842,4,12,31.00,90,569,14),(2843,4,12,54.00,90,569,5),(2844,4,12,45.00,90,569,24),(2845,4,12,25.00,90,569,25),(2846,4,12,51.00,90,570,16),(2847,4,12,25.00,90,570,2),(2848,4,12,42.00,90,570,20),(2849,4,12,21.00,90,570,28),(2850,4,12,18.00,90,570,8),(2851,4,12,60.00,90,571,22),(2852,4,12,39.00,90,571,16),(2853,4,12,25.00,90,571,12),(2854,4,12,20.00,90,571,9),(2855,4,12,43.00,90,571,17),(2856,4,12,57.00,90,572,19),(2857,4,12,13.00,90,572,1),(2858,4,12,43.00,90,572,7),(2859,4,12,30.00,90,572,22),(2860,4,12,17.00,90,572,10),(2861,4,12,16.00,90,573,10),(2862,4,12,17.00,90,573,2),(2863,4,12,55.00,90,573,18),(2864,4,12,16.00,90,573,20),(2865,4,12,26.00,90,573,13),(2866,4,12,52.00,90,574,14),(2867,4,12,17.00,90,574,3),(2868,4,12,12.00,90,574,9),(2869,4,12,14.00,90,574,24),(2870,4,12,33.00,90,574,27),(2871,4,12,36.00,90,575,21),(2872,4,12,42.00,90,575,4),(2873,4,12,43.00,90,575,11),(2874,4,12,24.00,90,575,20),(2875,4,12,44.00,90,575,8),(2876,4,12,32.00,90,576,18),(2877,4,12,40.00,90,576,12),(2878,4,12,33.00,90,576,7),(2879,4,12,52.00,90,576,30),(2880,4,12,42.00,90,576,11),(2881,4,12,47.00,90,577,29),(2882,4,12,54.00,90,577,9),(2883,4,12,59.00,90,577,20),(2884,4,12,12.00,90,577,15),(2885,4,12,30.00,90,577,25),(2886,4,12,53.00,90,578,11),(2887,4,12,20.00,90,578,1),(2888,4,12,42.00,90,578,15),(2889,4,12,39.00,90,578,20),(2890,4,12,32.00,90,578,29),(2891,4,12,11.00,90,579,19),(2892,4,12,26.00,90,579,8),(2893,4,12,58.00,90,579,19),(2894,4,12,15.00,90,579,12),(2895,4,12,59.00,90,579,28),(2896,4,12,10.00,90,580,12),(2897,4,12,58.00,90,580,9),(2898,4,12,49.00,90,580,10),(2899,4,12,21.00,90,580,17),(2900,4,12,22.00,90,580,30),(2901,4,12,57.00,90,581,7),(2902,4,12,13.00,90,581,13),(2903,4,12,20.00,90,581,10),(2904,4,12,50.00,90,581,10),(2905,4,12,34.00,90,581,19),(2906,4,12,41.00,90,582,20),(2907,4,12,35.00,90,582,24),(2908,4,12,18.00,90,582,10),(2909,4,12,35.00,90,582,28),(2910,4,12,28.00,90,582,3),(2911,4,12,52.00,90,583,3),(2912,4,12,40.00,90,583,29),(2913,4,12,49.00,90,583,18),(2914,4,12,59.00,90,583,13),(2915,4,12,12.00,90,583,7),(2916,4,12,48.00,90,584,12),(2917,4,12,19.00,90,584,9),(2918,4,12,14.00,90,584,27),(2919,4,12,13.00,90,584,8),(2920,4,12,46.00,90,584,5),(2921,4,12,57.00,90,585,2),(2922,4,12,46.00,90,585,9),(2923,4,12,50.00,90,585,1),(2924,4,12,58.00,90,585,16),(2925,4,12,28.00,90,585,24),(2926,4,12,29.00,90,586,22),(2927,4,12,52.00,90,586,28),(2928,4,12,46.00,90,586,28),(2929,4,12,33.00,90,586,26),(2930,4,12,21.00,90,586,19),(2931,4,12,50.00,90,587,4),(2932,4,12,33.00,90,587,11),(2933,4,12,29.00,90,587,28),(2934,4,12,19.00,90,587,9),(2935,4,12,47.00,90,587,24),(2936,4,12,48.00,90,588,29),(2937,4,12,56.00,90,588,18),(2938,4,12,38.00,90,588,3),(2939,4,12,34.00,90,588,14),(2940,4,12,20.00,90,588,8),(2941,4,12,51.00,90,589,10),(2942,4,12,12.00,90,589,9),(2943,4,12,37.00,90,589,16),(2944,4,12,15.00,90,589,8),(2945,4,12,51.00,90,589,1),(2946,4,12,17.00,90,590,10),(2947,4,12,53.00,90,590,8),(2948,4,12,28.00,90,590,15),(2949,4,12,14.00,90,590,19),(2950,4,12,17.00,90,590,14),(2951,4,12,42.00,90,591,26),(2952,4,12,60.00,90,591,14),(2953,4,12,16.00,90,591,14),(2954,4,12,18.00,90,591,7),(2955,4,12,39.00,90,591,12),(2956,4,12,49.00,90,592,21),(2957,4,12,50.00,90,592,23),(2958,4,12,29.00,90,592,30),(2959,4,12,32.00,90,592,2),(2960,4,12,30.00,90,592,19),(2961,4,12,60.00,90,593,28),(2962,4,12,36.00,90,593,22),(2963,4,12,45.00,90,593,9),(2964,4,12,50.00,90,593,20),(2965,4,12,40.00,90,593,28),(2966,4,12,37.00,90,594,22),(2967,4,12,57.00,90,594,17),(2968,4,12,19.00,90,594,9),(2969,4,12,38.00,90,594,20),(2970,4,12,41.00,90,594,7),(2971,4,12,31.00,90,595,29),(2972,4,12,41.00,90,595,2),(2973,4,12,42.00,90,595,2),(2974,4,12,35.00,90,595,4),(2975,4,12,56.00,90,595,28),(2976,4,12,27.00,90,596,18),(2977,4,12,51.00,90,596,16),(2978,4,12,42.00,90,596,22),(2979,4,12,21.00,90,596,1),(2980,4,12,14.00,90,596,23),(2981,4,12,29.00,90,597,29),(2982,4,12,43.00,90,597,13),(2983,4,12,36.00,90,597,7),(2984,4,12,51.00,90,597,3),(2985,4,12,45.00,90,597,3),(2986,4,12,59.00,90,598,29),(2987,4,12,49.00,90,598,18),(2988,4,12,32.00,90,598,15),(2989,4,12,32.00,90,598,15),(2990,4,12,17.00,90,598,16),(2991,4,12,15.00,90,599,20),(2992,4,12,41.00,90,599,29),(2993,4,12,22.00,90,599,4),(2994,4,12,58.00,90,599,19),(2995,4,12,21.00,90,599,19),(2996,4,12,36.00,90,600,23),(2997,4,12,28.00,90,600,29),(2998,4,12,56.00,90,600,1),(2999,4,12,27.00,90,600,12),(3000,4,12,48.00,90,600,4),(3001,4,12,21.00,90,601,27),(3002,4,12,50.00,90,601,1),(3003,4,12,46.00,90,601,7),(3004,4,12,48.00,90,601,15),(3005,4,12,39.00,90,601,15),(3006,4,12,28.00,90,602,9),(3007,4,12,31.00,90,602,2),(3008,4,12,12.00,90,602,28),(3009,4,12,50.00,90,602,21),(3010,4,12,10.00,90,602,3),(3011,4,12,29.00,90,603,28),(3012,4,12,35.00,90,603,18),(3013,4,12,43.00,90,603,12),(3014,4,12,38.00,90,603,16),(3015,4,12,39.00,90,603,27),(3016,4,12,34.00,90,604,13),(3017,4,12,31.00,90,604,29),(3018,4,12,39.00,90,604,3),(3019,4,12,16.00,90,604,29),(3020,4,12,43.00,90,604,26),(3021,4,12,55.00,90,605,11),(3022,4,12,54.00,90,605,2),(3023,4,12,34.00,90,605,14),(3024,4,12,48.00,90,605,23),(3025,4,12,23.00,90,605,20),(3026,4,12,56.00,90,606,4),(3027,4,12,23.00,90,606,13),(3028,4,12,36.00,90,606,10),(3029,4,12,49.00,90,606,27),(3030,4,12,21.00,90,606,15),(3031,4,12,32.00,90,607,14),(3032,4,12,13.00,90,607,17),(3033,4,12,30.00,90,607,2),(3034,4,12,56.00,90,607,23),(3035,4,12,12.00,90,607,30),(3036,4,12,33.00,90,608,21),(3037,4,12,50.00,90,608,17),(3038,4,12,17.00,90,608,7),(3039,4,12,42.00,90,608,20),(3040,4,12,60.00,90,608,20),(3041,4,12,13.00,90,609,6),(3042,4,12,23.00,90,609,17),(3043,4,12,48.00,90,609,25),(3044,4,12,57.00,90,609,1),(3045,4,12,18.00,90,609,30),(3046,4,12,47.00,90,610,24),(3047,4,12,21.00,90,610,7),(3048,4,12,24.00,90,610,29),(3049,4,12,59.00,90,610,20),(3050,4,12,37.00,90,610,15),(3051,4,12,28.00,90,611,26),(3052,4,12,35.00,90,611,4),(3053,4,12,18.00,90,611,14),(3054,4,12,51.00,90,611,19),(3055,4,12,53.00,90,611,5),(3056,4,12,14.00,90,612,23),(3057,4,12,60.00,90,612,27),(3058,4,12,25.00,90,612,21),(3059,4,12,24.00,90,612,21),(3060,4,12,27.00,90,612,19),(3061,4,12,39.00,90,613,25),(3062,4,12,32.00,90,613,12),(3063,4,12,44.00,90,613,11),(3064,4,12,31.00,90,613,27),(3065,4,12,30.00,90,613,20),(3066,4,12,60.00,90,614,30),(3067,4,12,35.00,90,614,1),(3068,4,12,60.00,90,614,14),(3069,4,12,18.00,90,614,3),(3070,4,12,33.00,90,614,17),(3071,4,12,40.00,90,615,9),(3072,4,12,28.00,90,615,6),(3073,4,12,31.00,90,615,24),(3074,4,12,42.00,90,615,18),(3075,4,12,33.00,90,615,25),(3076,4,12,45.00,90,616,24),(3077,4,12,25.00,90,616,3),(3078,4,12,29.00,90,616,26),(3079,4,12,59.00,90,616,24),(3080,4,12,57.00,90,616,24),(3081,4,12,44.00,90,617,16),(3082,4,12,15.00,90,617,13),(3083,4,12,21.00,90,617,18),(3084,4,12,26.00,90,617,5),(3085,4,12,26.00,90,617,17),(3086,4,12,59.00,90,618,10),(3087,4,12,52.00,90,618,25),(3088,4,12,53.00,90,618,3),(3089,4,12,50.00,90,618,17),(3090,4,12,43.00,90,618,10),(3091,4,12,39.00,90,619,9),(3092,4,12,37.00,90,619,4),(3093,4,12,35.00,90,619,27),(3094,4,12,48.00,90,619,27),(3095,4,12,37.00,90,619,18),(3096,4,12,59.00,90,620,6),(3097,4,12,35.00,90,620,3),(3098,4,12,57.00,90,620,15),(3099,4,12,23.00,90,620,7),(3100,4,12,52.00,90,620,14),(3101,4,12,22.00,90,621,27),(3102,4,12,21.00,90,621,30),(3103,4,12,42.00,90,621,6),(3104,4,12,47.00,90,621,22),(3105,4,12,35.00,90,621,22),(3106,4,12,16.00,90,622,7),(3107,4,12,44.00,90,622,27),(3108,4,12,55.00,90,622,21),(3109,4,12,33.00,90,622,25),(3110,4,12,43.00,90,622,5),(3111,4,12,22.00,90,623,11),(3112,4,12,51.00,90,623,20),(3113,4,12,55.00,90,623,21),(3114,4,12,19.00,90,623,19),(3115,4,12,26.00,90,623,22),(3116,4,12,32.00,90,624,23),(3117,4,12,38.00,90,624,27),(3118,4,12,11.00,90,624,12),(3119,4,12,51.00,90,624,20),(3120,4,12,39.00,90,624,1),(3121,4,12,45.00,90,625,8),(3122,4,12,57.00,90,625,8),(3123,4,12,37.00,90,625,16),(3124,4,12,28.00,90,625,19),(3125,4,12,37.00,90,625,29),(3126,4,12,40.00,90,626,27),(3127,4,12,39.00,90,626,27),(3128,4,12,49.00,90,626,12),(3129,4,12,45.00,90,626,11),(3130,4,12,47.00,90,626,11),(3131,4,12,29.00,90,627,7),(3132,4,12,22.00,90,627,29),(3133,4,12,39.00,90,627,25),(3134,4,12,18.00,90,627,24),(3135,4,12,57.00,90,627,11),(3136,4,12,30.00,90,628,21),(3137,4,12,26.00,90,628,12),(3138,4,12,23.00,90,628,19),(3139,4,12,56.00,90,628,17),(3140,4,12,18.00,90,628,24),(3141,4,12,17.00,90,629,18),(3142,4,12,38.00,90,629,15),(3143,4,12,15.00,90,629,27),(3144,4,12,12.00,90,629,8),(3145,4,12,36.00,90,629,16),(3146,4,12,24.00,90,630,29),(3147,4,12,23.00,90,630,22),(3148,4,12,37.00,90,630,12),(3149,4,12,34.00,90,630,16),(3150,4,12,12.00,90,630,27),(3151,4,12,52.00,90,631,16),(3152,4,12,11.00,90,631,26),(3153,4,12,35.00,90,631,28),(3154,4,12,52.00,90,631,8),(3155,4,12,54.00,90,631,25),(3156,4,12,15.00,90,632,14),(3157,4,12,43.00,90,632,8),(3158,4,12,42.00,90,632,19),(3159,4,12,31.00,90,632,4),(3160,4,12,55.00,90,632,2),(3161,4,12,40.00,90,633,20),(3162,4,12,42.00,90,633,24),(3163,4,12,33.00,90,633,24),(3164,4,12,13.00,90,633,27),(3165,4,12,22.00,90,633,23),(3166,4,12,24.00,90,634,12),(3167,4,12,20.00,90,634,13),(3168,4,12,50.00,90,634,9),(3169,4,12,29.00,90,634,11),(3170,4,12,41.00,90,634,11),(3171,4,12,22.00,90,635,20),(3172,4,12,46.00,90,635,13),(3173,4,12,31.00,90,635,11),(3174,4,12,29.00,90,635,13),(3175,4,12,56.00,90,635,16),(3176,4,12,30.00,90,636,7),(3177,4,12,42.00,90,636,6),(3178,4,12,50.00,90,636,23),(3179,4,12,14.00,90,636,22),(3180,4,12,58.00,90,636,9),(3181,4,12,59.00,90,637,12),(3182,4,12,59.00,90,637,10),(3183,4,12,44.00,90,637,7),(3184,4,12,29.00,90,637,1),(3185,4,12,60.00,90,637,30),(3186,4,12,12.00,90,638,15),(3187,4,12,14.00,90,638,1),(3188,4,12,51.00,90,638,7),(3189,4,12,36.00,90,638,22),(3190,4,12,21.00,90,638,10),(3191,4,12,10.00,90,639,23),(3192,4,12,38.00,90,639,27),(3193,4,12,52.00,90,639,1),(3194,4,12,29.00,90,639,1),(3195,4,12,19.00,90,639,2),(3196,4,12,39.00,90,640,13),(3197,4,12,54.00,90,640,17),(3198,4,12,12.00,90,640,3),(3199,4,12,56.00,90,640,7),(3200,4,12,46.00,90,640,5),(3201,4,12,54.00,90,641,22),(3202,4,12,36.00,90,641,20),(3203,4,12,51.00,90,641,3),(3204,4,12,17.00,90,641,18),(3205,4,12,26.00,90,641,19),(3206,4,12,53.00,90,642,13),(3207,4,12,53.00,90,642,22),(3208,4,12,27.00,90,642,22),(3209,4,12,19.00,90,642,23),(3210,4,12,34.00,90,642,29),(3211,4,12,20.00,90,643,17),(3212,4,12,52.00,90,643,14),(3213,4,12,56.00,90,643,29),(3214,4,12,31.00,90,643,16),(3215,4,12,13.00,90,643,27),(3216,4,12,47.00,90,644,4),(3217,4,12,13.00,90,644,24),(3218,4,12,55.00,90,644,10),(3219,4,12,31.00,90,644,21),(3220,4,12,48.00,90,644,10),(3221,4,12,37.00,90,645,23),(3222,4,12,21.00,90,645,10),(3223,4,12,14.00,90,645,7),(3224,4,12,21.00,90,645,29),(3225,4,12,46.00,90,645,22),(3226,4,12,39.00,90,646,11),(3227,4,12,47.00,90,646,24),(3228,4,12,29.00,90,646,1),(3229,4,12,11.00,90,646,8),(3230,4,12,34.00,90,646,29),(3231,4,12,60.00,90,647,22),(3232,4,12,50.00,90,647,24),(3233,4,12,50.00,90,647,28),(3234,4,12,46.00,90,647,22),(3235,4,12,21.00,90,647,25),(3236,4,12,48.00,90,648,13),(3237,4,12,43.00,90,648,18),(3238,4,12,23.00,90,648,16),(3239,4,12,22.00,90,648,11),(3240,4,12,43.00,90,648,15),(3241,4,12,41.00,90,649,3),(3242,4,12,27.00,90,649,10),(3243,4,12,41.00,90,649,10),(3244,4,12,18.00,90,649,16),(3245,4,12,23.00,90,649,13),(3246,4,12,25.00,90,650,20),(3247,4,12,13.00,90,650,7),(3248,4,12,12.00,90,650,14),(3249,4,12,42.00,90,650,27),(3250,4,12,43.00,90,650,18),(3251,4,12,12.00,90,651,8),(3252,4,12,52.00,90,651,9),(3253,4,12,20.00,90,651,30),(3254,4,12,17.00,90,651,10),(3255,4,12,35.00,90,651,12),(3256,4,12,21.00,90,652,10),(3257,4,12,14.00,90,652,18),(3258,4,12,13.00,90,652,10),(3259,4,12,22.00,90,652,23),(3260,4,12,33.00,90,652,7),(3261,4,12,56.00,90,653,13),(3262,4,12,15.00,90,653,26),(3263,4,12,21.00,90,653,5),(3264,4,12,22.00,90,653,2),(3265,4,12,12.00,90,653,6),(3266,4,12,15.00,90,654,24),(3267,4,12,16.00,90,654,16),(3268,4,12,47.00,90,654,21),(3269,4,12,16.00,90,654,21),(3270,4,12,20.00,90,654,9),(3271,4,12,25.00,90,655,26),(3272,4,12,34.00,90,655,4),(3273,4,12,28.00,90,655,29),(3274,4,12,25.00,90,655,5),(3275,4,12,29.00,90,655,18),(3276,4,12,10.00,90,656,21),(3277,4,12,25.00,90,656,21),(3278,4,12,56.00,90,656,21),(3279,4,12,13.00,90,656,22),(3280,4,12,51.00,90,656,12),(3281,4,12,55.00,90,657,7),(3282,4,12,37.00,90,657,26),(3283,4,12,20.00,90,657,29),(3284,4,12,31.00,90,657,23),(3285,4,12,13.00,90,657,16),(3286,4,12,15.00,90,658,3),(3287,4,12,45.00,90,658,5),(3288,4,12,18.00,90,658,18),(3289,4,12,11.00,90,658,10),(3290,4,12,50.00,90,658,3),(3291,4,12,58.00,90,659,24),(3292,4,12,20.00,90,659,3),(3293,4,12,56.00,90,659,3),(3294,4,12,54.00,90,659,5),(3295,4,12,51.00,90,659,16),(3296,4,12,53.00,90,660,3),(3297,4,12,32.00,90,660,26),(3298,4,12,14.00,90,660,27),(3299,4,12,36.00,90,660,3),(3300,4,12,54.00,90,660,7),(3301,4,12,58.00,90,661,6),(3302,4,12,14.00,90,661,30),(3303,4,12,11.00,90,661,7),(3304,4,12,36.00,90,661,15),(3305,4,12,53.00,90,661,7),(3306,4,12,54.00,90,662,7),(3307,4,12,60.00,90,662,7),(3308,4,12,48.00,90,662,21),(3309,4,12,54.00,90,662,8),(3310,4,12,44.00,90,662,27),(3311,4,12,60.00,90,663,2),(3312,4,12,35.00,90,663,24),(3313,4,12,27.00,90,663,20),(3314,4,12,53.00,90,663,15),(3315,4,12,44.00,90,663,6),(3316,4,12,54.00,90,664,30),(3317,4,12,47.00,90,664,30),(3318,4,12,10.00,90,664,25),(3319,4,12,16.00,90,664,7),(3320,4,12,44.00,90,664,20),(3321,4,12,26.00,90,665,27),(3322,4,12,35.00,90,665,11),(3323,4,12,15.00,90,665,25),(3324,4,12,20.00,90,665,30),(3325,4,12,47.00,90,665,17),(3326,4,12,15.00,90,666,26),(3327,4,12,52.00,90,666,14),(3328,4,12,42.00,90,666,29),(3329,4,12,15.00,90,666,8),(3330,4,12,24.00,90,666,18),(3331,4,12,47.00,90,667,5),(3332,4,12,22.00,90,667,26),(3333,4,12,10.00,90,667,13),(3334,4,12,19.00,90,667,22),(3335,4,12,55.00,90,667,8),(3336,4,12,50.00,90,668,25),(3337,4,12,19.00,90,668,19),(3338,4,12,37.00,90,668,10),(3339,4,12,17.00,90,668,18),(3340,4,12,11.00,90,668,22),(3341,4,12,10.00,90,669,14),(3342,4,12,13.00,90,669,13),(3343,4,12,48.00,90,669,24),(3344,4,12,51.00,90,669,16),(3345,4,12,31.00,90,669,10),(3346,4,12,56.00,90,670,15),(3347,4,12,11.00,90,670,27),(3348,4,12,17.00,90,670,30),(3349,4,12,36.00,90,670,30),(3350,4,12,28.00,90,670,24),(3351,4,12,31.00,90,671,25),(3352,4,12,22.00,90,671,13),(3353,4,12,10.00,90,671,10),(3354,4,12,50.00,90,671,1),(3355,4,12,37.00,90,671,6),(3356,4,12,44.00,90,672,28),(3357,4,12,36.00,90,672,18),(3358,4,12,47.00,90,672,7),(3359,4,12,55.00,90,672,25),(3360,4,12,25.00,90,672,4),(3361,4,12,33.00,90,673,19),(3362,4,12,47.00,90,673,13),(3363,4,12,40.00,90,673,29),(3364,4,12,29.00,90,673,5),(3365,4,12,51.00,90,673,30),(3366,4,12,41.00,90,674,13),(3367,4,12,14.00,90,674,20),(3368,4,12,46.00,90,674,17),(3369,4,12,60.00,90,674,27),(3370,4,12,52.00,90,674,16),(3371,4,12,23.00,90,675,13),(3372,4,12,30.00,90,675,6),(3373,4,12,58.00,90,675,12),(3374,4,12,36.00,90,675,17),(3375,4,12,27.00,90,675,16),(3376,4,12,18.00,90,676,1),(3377,4,12,36.00,90,676,29),(3378,4,12,58.00,90,676,7),(3379,4,12,56.00,90,676,26),(3380,4,12,59.00,90,676,30),(3381,4,12,26.00,90,677,29),(3382,4,12,10.00,90,677,17),(3383,4,12,48.00,90,677,22),(3384,4,12,13.00,90,677,29),(3385,4,12,50.00,90,677,11),(3386,4,12,49.00,90,678,16),(3387,4,12,58.00,90,678,30),(3388,4,12,50.00,90,678,7),(3389,4,12,52.00,90,678,4),(3390,4,12,42.00,90,678,14),(3391,4,12,22.00,90,679,7),(3392,4,12,15.00,90,679,8),(3393,4,12,53.00,90,679,8),(3394,4,12,31.00,90,679,11),(3395,4,12,45.00,90,679,22),(3396,4,12,44.00,90,680,8),(3397,4,12,26.00,90,680,21),(3398,4,12,47.00,90,680,3),(3399,4,12,24.00,90,680,4),(3400,4,12,46.00,90,680,18),(3401,4,12,51.00,90,681,30),(3402,4,12,56.00,90,681,11),(3403,4,12,38.00,90,681,11),(3404,4,12,21.00,90,681,28),(3405,4,12,54.00,90,681,11),(3406,4,12,11.00,90,682,4),(3407,4,12,24.00,90,682,8),(3408,4,12,16.00,90,682,6),(3409,4,12,39.00,90,682,26),(3410,4,12,41.00,90,682,29),(3411,4,12,19.00,90,683,2),(3412,4,12,58.00,90,683,15),(3413,4,12,56.00,90,683,10),(3414,4,12,22.00,90,683,21),(3415,4,12,13.00,90,683,19),(3416,4,12,27.00,90,684,9),(3417,4,12,22.00,90,684,29),(3418,4,12,28.00,90,684,30),(3419,4,12,52.00,90,684,8),(3420,4,12,13.00,90,684,7),(3421,4,12,37.00,90,685,11),(3422,4,12,40.00,90,685,5),(3423,4,12,24.00,90,685,13),(3424,4,12,19.00,90,685,10),(3425,4,12,42.00,90,685,26),(3426,4,12,48.00,90,686,20),(3427,4,12,54.00,90,686,26),(3428,4,12,39.00,90,686,15),(3429,4,12,37.00,90,686,22),(3430,4,12,37.00,90,686,14),(3431,4,12,36.00,90,687,5),(3432,4,12,47.00,90,687,26),(3433,4,12,50.00,90,687,1),(3434,4,12,55.00,90,687,27),(3435,4,12,48.00,90,687,27),(3436,4,12,22.00,90,688,9),(3437,4,12,26.00,90,688,6),(3438,4,12,40.00,90,688,22),(3439,4,12,50.00,90,688,5),(3440,4,12,13.00,90,688,21),(3441,4,12,44.00,90,689,15),(3442,4,12,24.00,90,689,26),(3443,4,12,54.00,90,689,9),(3444,4,12,28.00,90,689,12),(3445,4,12,25.00,90,689,9),(3446,4,12,27.00,90,690,3),(3447,4,12,44.00,90,690,6),(3448,4,12,50.00,90,690,5),(3449,4,12,37.00,90,690,17),(3450,4,12,15.00,90,690,24),(3451,4,12,49.00,90,691,23),(3452,4,12,11.00,90,691,28),(3453,4,12,51.00,90,691,17),(3454,4,12,52.00,90,691,23),(3455,4,12,56.00,90,691,28),(3456,4,12,11.00,90,692,23),(3457,4,12,15.00,90,692,14),(3458,4,12,59.00,90,692,29),(3459,4,12,52.00,90,692,14),(3460,4,12,55.00,90,692,11),(3461,4,12,45.00,90,693,8),(3462,4,12,19.00,90,693,5),(3463,4,12,57.00,90,693,27),(3464,4,12,27.00,90,693,1),(3465,4,12,34.00,90,693,29),(3466,4,12,41.00,90,694,25),(3467,4,12,12.00,90,694,27),(3468,4,12,25.00,90,694,5),(3469,4,12,53.00,90,694,4),(3470,4,12,19.00,90,694,6),(3471,4,12,31.00,90,695,19),(3472,4,12,36.00,90,695,25),(3473,4,12,54.00,90,695,27),(3474,4,12,50.00,90,695,6),(3475,4,12,32.00,90,695,20),(3476,4,12,53.00,90,696,6),(3477,4,12,18.00,90,696,7),(3478,4,12,25.00,90,696,8),(3479,4,12,44.00,90,696,15),(3480,4,12,57.00,90,696,16),(3481,4,12,14.00,90,697,6),(3482,4,12,24.00,90,697,5),(3483,4,12,35.00,90,697,5),(3484,4,12,27.00,90,697,15),(3485,4,12,32.00,90,697,2),(3486,4,12,36.00,90,698,15),(3487,4,12,22.00,90,698,8),(3488,4,12,25.00,90,698,4),(3489,4,12,57.00,90,698,28),(3490,4,12,57.00,90,698,10),(3491,4,12,37.00,90,699,10),(3492,4,12,31.00,90,699,17),(3493,4,12,46.00,90,699,10),(3494,4,12,41.00,90,699,27),(3495,4,12,29.00,90,699,25),(3496,4,12,37.00,90,700,19),(3497,4,12,40.00,90,700,18),(3498,4,12,16.00,90,700,20),(3499,4,12,25.00,90,700,12),(3500,4,12,48.00,90,700,18),(3501,4,12,14.00,90,701,22),(3502,4,12,32.00,90,701,7),(3503,4,12,32.00,90,701,8),(3504,4,12,27.00,90,701,3),(3505,4,12,19.00,90,701,13),(3506,4,12,48.00,90,702,5),(3507,4,12,14.00,90,702,23),(3508,4,12,22.00,90,702,9),(3509,4,12,47.00,90,702,29),(3510,4,12,27.00,90,702,20),(3511,4,12,38.00,90,703,6),(3512,4,12,41.00,90,703,11),(3513,4,12,48.00,90,703,26),(3514,4,12,37.00,90,703,25),(3515,4,12,20.00,90,703,1),(3516,4,12,37.00,90,704,28),(3517,4,12,26.00,90,704,18),(3518,4,12,44.00,90,704,2),(3519,4,12,48.00,90,704,3),(3520,4,12,28.00,90,704,22),(3521,4,12,16.00,90,705,19),(3522,4,12,10.00,90,705,24),(3523,4,12,28.00,90,705,27),(3524,4,12,28.00,90,705,11),(3525,4,12,60.00,90,705,6),(3526,4,12,37.00,90,706,13),(3527,4,12,51.00,90,706,5),(3528,4,12,54.00,90,706,26),(3529,4,12,10.00,90,706,4),(3530,4,12,18.00,90,706,27),(3531,4,12,40.00,90,707,6),(3532,4,12,39.00,90,707,22),(3533,4,12,33.00,90,707,3),(3534,4,12,22.00,90,707,11),(3535,4,12,48.00,90,707,26),(3536,4,12,40.00,90,708,2),(3537,4,12,37.00,90,708,26),(3538,4,12,58.00,90,708,27),(3539,4,12,24.00,90,708,15),(3540,4,12,56.00,90,708,7),(3541,4,12,43.00,90,709,1),(3542,4,12,16.00,90,709,28),(3543,4,12,55.00,90,709,18),(3544,4,12,39.00,90,709,29),(3545,4,12,53.00,90,709,8),(3546,4,12,52.00,90,710,8),(3547,4,12,11.00,90,710,5),(3548,4,12,56.00,90,710,8),(3549,4,12,17.00,90,710,2),(3550,4,12,32.00,90,710,21),(3551,4,12,58.00,90,711,18),(3552,4,12,60.00,90,711,10),(3553,4,12,14.00,90,711,17),(3554,4,12,14.00,90,711,8),(3555,4,12,11.00,90,711,14),(3556,4,12,33.00,90,712,7),(3557,4,12,21.00,90,712,15),(3558,4,12,30.00,90,712,22),(3559,4,12,33.00,90,712,25),(3560,4,12,26.00,90,712,1),(3561,4,12,36.00,90,713,29),(3562,4,12,43.00,90,713,14),(3563,4,12,54.00,90,713,2),(3564,4,12,47.00,90,713,10),(3565,4,12,59.00,90,713,24),(3566,4,12,21.00,90,714,13),(3567,4,12,33.00,90,714,9),(3568,4,12,30.00,90,714,8),(3569,4,12,37.00,90,714,12),(3570,4,12,46.00,90,714,12),(3571,4,12,59.00,90,715,2),(3572,4,12,28.00,90,715,15),(3573,4,12,32.00,90,715,22),(3574,4,12,38.00,90,715,21),(3575,4,12,42.00,90,715,29),(3576,4,12,26.00,90,716,9),(3577,4,12,46.00,90,716,16),(3578,4,12,58.00,90,716,10),(3579,4,12,25.00,90,716,19),(3580,4,12,27.00,90,716,12),(3581,4,12,24.00,90,717,12),(3582,4,12,35.00,90,717,17),(3583,4,12,54.00,90,717,11),(3584,4,12,25.00,90,717,7),(3585,4,12,16.00,90,717,11),(3586,4,12,24.00,90,718,3),(3587,4,12,56.00,90,718,4),(3588,4,12,52.00,90,718,16),(3589,4,12,10.00,90,718,22),(3590,4,12,39.00,90,718,26),(3591,4,12,11.00,90,719,13),(3592,4,12,48.00,90,719,23),(3593,4,12,50.00,90,719,14),(3594,4,12,31.00,90,719,23),(3595,4,12,43.00,90,719,30),(3596,4,12,45.00,90,720,26),(3597,4,12,46.00,90,720,15),(3598,4,12,49.00,90,720,4),(3599,4,12,16.00,90,720,26),(3600,4,12,39.00,90,720,22),(3601,4,12,55.00,90,721,2),(3602,4,12,11.00,90,721,15),(3603,4,12,60.00,90,721,27),(3604,4,12,36.00,90,721,17),(3605,4,12,28.00,90,721,29),(3606,4,12,37.00,90,722,19),(3607,4,12,45.00,90,722,13),(3608,4,12,24.00,90,722,26),(3609,4,12,25.00,90,722,30),(3610,4,12,17.00,90,722,22),(3611,4,12,48.00,90,723,29),(3612,4,12,54.00,90,723,22),(3613,4,12,56.00,90,723,2),(3614,4,12,11.00,90,723,20),(3615,4,12,11.00,90,723,16),(3616,4,12,34.00,90,724,4),(3617,4,12,42.00,90,724,6),(3618,4,12,37.00,90,724,14),(3619,4,12,57.00,90,724,8),(3620,4,12,57.00,90,724,13),(3621,4,12,48.00,90,725,16),(3622,4,12,18.00,90,725,19),(3623,4,12,14.00,90,725,21),(3624,4,12,43.00,90,725,8),(3625,4,12,60.00,90,725,27),(3626,4,12,40.00,90,726,25),(3627,4,12,37.00,90,726,24),(3628,4,12,38.00,90,726,27),(3629,4,12,27.00,90,726,9),(3630,4,12,39.00,90,726,18),(3631,4,12,46.00,90,727,12),(3632,4,12,26.00,90,727,23),(3633,4,12,14.00,90,727,2),(3634,4,12,55.00,90,727,29),(3635,4,12,12.00,90,727,16),(3636,4,12,38.00,90,728,30),(3637,4,12,24.00,90,728,17),(3638,4,12,54.00,90,728,25),(3639,4,12,32.00,90,728,8),(3640,4,12,55.00,90,728,27),(3641,4,12,55.00,90,729,17),(3642,4,12,37.00,90,729,21),(3643,4,12,25.00,90,729,11),(3644,4,12,13.00,90,729,5),(3645,4,12,17.00,90,729,12),(3646,4,12,41.00,90,730,1),(3647,4,12,57.00,90,730,8),(3648,4,12,30.00,90,730,7),(3649,4,12,59.00,90,730,14),(3650,4,12,48.00,90,730,19),(3651,4,12,13.00,90,731,29),(3652,4,12,10.00,90,731,20),(3653,4,12,27.00,90,731,16),(3654,4,12,19.00,90,731,13),(3655,4,12,25.00,90,731,1),(3656,4,12,23.00,90,732,6),(3657,4,12,31.00,90,732,23),(3658,4,12,47.00,90,732,9),(3659,4,12,31.00,90,732,3),(3660,4,12,54.00,90,732,23),(3661,4,12,55.00,90,733,6),(3662,4,12,13.00,90,733,4),(3663,4,12,17.00,90,733,8),(3664,4,12,38.00,90,733,13),(3665,4,12,43.00,90,733,21),(3666,4,12,22.00,90,734,10),(3667,4,12,21.00,90,734,4),(3668,4,12,35.00,90,734,21),(3669,4,12,40.00,90,734,15),(3670,4,12,44.00,90,734,1),(3671,4,12,34.00,90,735,13),(3672,4,12,60.00,90,735,29),(3673,4,12,51.00,90,735,1),(3674,4,12,29.00,90,735,28),(3675,4,12,44.00,90,735,12),(3676,4,12,20.00,90,736,18),(3677,4,12,40.00,90,736,17),(3678,4,12,60.00,90,736,5),(3679,4,12,42.00,90,736,22),(3680,4,12,50.00,90,736,15),(3681,4,12,50.00,90,737,10),(3682,4,12,31.00,90,737,1),(3683,4,12,17.00,90,737,24),(3684,4,12,17.00,90,737,5),(3685,4,12,52.00,90,737,2),(3686,4,12,20.00,90,738,5),(3687,4,12,57.00,90,738,12),(3688,4,12,13.00,90,738,11),(3689,4,12,41.00,90,738,21),(3690,4,12,21.00,90,738,19),(3691,4,12,40.00,90,739,8),(3692,4,12,31.00,90,739,30),(3693,4,12,18.00,90,739,18),(3694,4,12,40.00,90,739,7),(3695,4,12,18.00,90,739,10),(3696,4,12,15.00,90,740,23),(3697,4,12,26.00,90,740,12),(3698,4,12,21.00,90,740,9),(3699,4,12,59.00,90,740,19),(3700,4,12,59.00,90,740,15),(3701,4,12,50.00,90,741,1),(3702,4,12,38.00,90,741,29),(3703,4,12,54.00,90,741,19),(3704,4,12,60.00,90,741,25),(3705,4,12,43.00,90,741,29),(3706,4,12,27.00,90,742,19),(3707,4,12,44.00,90,742,4),(3708,4,12,45.00,90,742,29),(3709,4,12,25.00,90,742,13),(3710,4,12,10.00,90,742,6),(3711,4,12,18.00,90,743,30),(3712,4,12,58.00,90,743,9),(3713,4,12,55.00,90,743,1),(3714,4,12,37.00,90,743,6),(3715,4,12,16.00,90,743,21),(3716,4,12,59.00,90,744,17),(3717,4,12,59.00,90,744,27),(3718,4,12,54.00,90,744,26),(3719,4,12,47.00,90,744,4),(3720,4,12,34.00,90,744,16),(3721,4,12,30.00,90,745,24),(3722,4,12,38.00,90,745,5),(3723,4,12,24.00,90,745,20),(3724,4,12,32.00,90,745,20),(3725,4,12,50.00,90,745,30),(3726,4,12,54.00,90,746,11),(3727,4,12,39.00,90,746,4),(3728,4,12,19.00,90,746,2),(3729,4,12,30.00,90,746,19),(3730,4,12,59.00,90,746,20),(3731,4,12,33.00,90,747,4),(3732,4,12,54.00,90,747,8),(3733,4,12,19.00,90,747,7),(3734,4,12,48.00,90,747,28),(3735,4,12,59.00,90,747,14),(3736,4,12,30.00,90,748,25),(3737,4,12,40.00,90,748,29),(3738,4,12,17.00,90,748,12),(3739,4,12,37.00,90,748,23),(3740,4,12,17.00,90,748,10),(3741,4,12,48.00,90,749,7),(3742,4,12,24.00,90,749,24),(3743,4,12,16.00,90,749,21),(3744,4,12,59.00,90,749,16),(3745,4,12,56.00,90,749,30),(3746,4,12,40.00,90,750,4),(3747,4,12,57.00,90,750,23),(3748,4,12,54.00,90,750,28),(3749,4,12,44.00,90,750,6),(3750,4,12,21.00,90,750,2),(3751,4,12,22.00,90,751,27),(3752,4,12,17.00,90,751,7),(3753,4,12,25.00,90,751,3),(3754,4,12,58.00,90,751,28),(3755,4,12,44.00,90,751,5),(3756,4,12,49.00,90,752,7),(3757,4,12,10.00,90,752,29),(3758,4,12,46.00,90,752,27),(3759,4,12,32.00,90,752,2),(3760,4,12,56.00,90,752,20),(3761,4,12,15.00,90,753,19),(3762,4,12,25.00,90,753,17),(3763,4,12,35.00,90,753,30),(3764,4,12,49.00,90,753,16),(3765,4,12,14.00,90,753,27),(3766,4,12,45.00,90,754,21),(3767,4,12,31.00,90,754,2),(3768,4,12,56.00,90,754,18),(3769,4,12,12.00,90,754,14),(3770,4,12,46.00,90,754,22),(3771,4,12,41.00,90,755,12),(3772,4,12,28.00,90,755,15),(3773,4,12,43.00,90,755,17),(3774,4,12,41.00,90,755,16),(3775,4,12,41.00,90,755,23),(3776,4,12,21.00,90,756,26),(3777,4,12,16.00,90,756,4),(3778,4,12,12.00,90,756,28),(3779,4,12,25.00,90,756,17),(3780,4,12,15.00,90,756,21),(3781,4,12,50.00,90,757,21),(3782,4,12,28.00,90,757,18),(3783,4,12,24.00,90,757,27),(3784,4,12,48.00,90,757,6),(3785,4,12,41.00,90,757,11),(3786,4,12,45.00,90,758,18),(3787,4,12,16.00,90,758,13),(3788,4,12,45.00,90,758,6),(3789,4,12,25.00,90,758,17),(3790,4,12,40.00,90,758,3),(3791,4,12,36.00,90,759,14),(3792,4,12,16.00,90,759,7),(3793,4,12,20.00,90,759,28),(3794,4,12,58.00,90,759,30),(3795,4,12,17.00,90,759,5),(3796,4,12,40.00,90,760,25),(3797,4,12,59.00,90,760,24),(3798,4,12,44.00,90,760,9),(3799,4,12,34.00,90,760,2),(3800,4,12,52.00,90,760,2),(3801,4,12,60.00,90,761,30),(3802,4,12,43.00,90,761,21),(3803,4,12,59.00,90,761,27),(3804,4,12,20.00,90,761,23),(3805,4,12,22.00,90,761,6),(3806,4,12,36.00,90,762,8),(3807,4,12,24.00,90,762,12),(3808,4,12,16.00,90,762,8),(3809,4,12,52.00,90,762,10),(3810,4,12,16.00,90,762,27),(3811,4,12,28.00,90,763,22),(3812,4,12,38.00,90,763,28),(3813,4,12,35.00,90,763,15),(3814,4,12,56.00,90,763,22),(3815,4,12,30.00,90,763,10),(3816,4,12,18.00,90,764,3),(3817,4,12,35.00,90,764,27),(3818,4,12,30.00,90,764,2),(3819,4,12,44.00,90,764,14),(3820,4,12,22.00,90,764,9),(3821,4,12,11.00,90,765,20),(3822,4,12,19.00,90,765,11),(3823,4,12,34.00,90,765,27),(3824,4,12,57.00,90,765,11),(3825,4,12,16.00,90,765,27),(3826,4,12,25.00,90,766,12),(3827,4,12,49.00,90,766,3),(3828,4,12,16.00,90,766,29),(3829,4,12,35.00,90,766,11),(3830,4,12,39.00,90,766,24),(3831,4,12,20.00,90,767,25),(3832,4,12,23.00,90,767,6),(3833,4,12,29.00,90,767,2),(3834,4,12,40.00,90,767,3),(3835,4,12,53.00,90,767,30),(3836,4,12,50.00,90,768,16),(3837,4,12,13.00,90,768,13),(3838,4,12,52.00,90,768,14),(3839,4,12,20.00,90,768,3),(3840,4,12,21.00,90,768,30),(3841,4,12,18.00,90,769,28),(3842,4,12,15.00,90,769,5),(3843,4,12,51.00,90,769,11),(3844,4,12,53.00,90,769,23),(3845,4,12,24.00,90,769,29),(3846,4,12,33.00,90,770,11),(3847,4,12,12.00,90,770,17),(3848,4,12,34.00,90,770,2),(3849,4,12,14.00,90,770,22),(3850,4,12,60.00,90,770,21),(3851,4,12,38.00,90,771,8),(3852,4,12,21.00,90,771,25),(3853,4,12,57.00,90,771,24),(3854,4,12,21.00,90,771,9),(3855,4,12,24.00,90,771,30),(3856,4,12,31.00,90,772,16),(3857,4,12,47.00,90,772,7),(3858,4,12,54.00,90,772,19),(3859,4,12,38.00,90,772,8),(3860,4,12,15.00,90,772,10),(3861,4,12,25.00,90,773,27),(3862,4,12,34.00,90,773,13),(3863,4,12,57.00,90,773,26),(3864,4,12,23.00,90,773,2),(3865,4,12,45.00,90,773,11),(3866,4,12,42.00,90,774,3),(3867,4,12,17.00,90,774,13),(3868,4,12,50.00,90,774,26),(3869,4,12,59.00,90,774,25),(3870,4,12,48.00,90,774,9),(3871,4,12,43.00,90,775,10),(3872,4,12,29.00,90,775,3),(3873,4,12,34.00,90,775,20),(3874,4,12,28.00,90,775,10),(3875,4,12,29.00,90,775,22),(3876,4,12,15.00,90,776,19),(3877,4,12,46.00,90,776,14),(3878,4,12,10.00,90,776,14),(3879,4,12,59.00,90,776,13),(3880,4,12,36.00,90,776,16),(3881,4,12,19.00,90,777,17),(3882,4,12,38.00,90,777,28),(3883,4,12,27.00,90,777,18),(3884,4,12,32.00,90,777,9),(3885,4,12,50.00,90,777,1),(3886,4,12,27.00,90,778,3),(3887,4,12,15.00,90,778,15),(3888,4,12,57.00,90,778,22),(3889,4,12,52.00,90,778,8),(3890,4,12,49.00,90,778,22),(3891,4,12,52.00,90,779,7),(3892,4,12,44.00,90,779,14),(3893,4,12,37.00,90,779,27),(3894,4,12,55.00,90,779,12),(3895,4,12,48.00,90,779,21),(3896,4,12,31.00,90,780,24),(3897,4,12,20.00,90,780,10),(3898,4,12,55.00,90,780,4),(3899,4,12,43.00,90,780,20),(3900,4,12,16.00,90,780,10),(3901,4,12,44.00,90,781,9),(3902,4,12,33.00,90,781,27),(3903,4,12,47.00,90,781,7),(3904,4,12,50.00,90,781,8),(3905,4,12,36.00,90,781,17),(3906,4,12,40.00,90,782,13),(3907,4,12,12.00,90,782,10),(3908,4,12,37.00,90,782,1),(3909,4,12,56.00,90,782,12),(3910,4,12,48.00,90,782,11),(3911,4,12,37.00,90,783,7),(3912,4,12,53.00,90,783,4),(3913,4,12,33.00,90,783,11),(3914,4,12,30.00,90,783,22),(3915,4,12,56.00,90,783,17),(3916,4,12,49.00,90,784,30),(3917,4,12,42.00,90,784,6),(3918,4,12,50.00,90,784,22),(3919,4,12,10.00,90,784,25),(3920,4,12,14.00,90,784,17),(3921,4,12,44.00,90,785,27),(3922,4,12,23.00,90,785,17),(3923,4,12,39.00,90,785,8),(3924,4,12,29.00,90,785,1),(3925,4,12,54.00,90,785,4),(3926,4,12,11.00,90,786,16),(3927,4,12,36.00,90,786,3),(3928,4,12,35.00,90,786,28),(3929,4,12,19.00,90,786,1),(3930,4,12,57.00,90,786,22),(3931,4,12,21.00,90,787,13),(3932,4,12,38.00,90,787,13),(3933,4,12,49.00,90,787,15),(3934,4,12,49.00,90,787,27),(3935,4,12,55.00,90,787,19),(3936,4,12,21.00,90,788,18),(3937,4,12,43.00,90,788,7),(3938,4,12,23.00,90,788,7),(3939,4,12,56.00,90,788,27),(3940,4,12,47.00,90,788,5),(3941,4,12,51.00,90,789,28),(3942,4,12,56.00,90,789,23),(3943,4,12,27.00,90,789,2),(3944,4,12,34.00,90,789,23),(3945,4,12,32.00,90,789,7),(3946,4,12,29.00,90,790,15),(3947,4,12,57.00,90,790,19),(3948,4,12,48.00,90,790,20),(3949,4,12,51.00,90,790,5),(3950,4,12,12.00,90,790,16),(3951,4,12,49.00,90,791,25),(3952,4,12,15.00,90,791,29),(3953,4,12,37.00,90,791,23),(3954,4,12,43.00,90,791,29),(3955,4,12,27.00,90,791,8),(3956,4,12,36.00,90,792,8),(3957,4,12,20.00,90,792,10),(3958,4,12,23.00,90,792,13),(3959,4,12,59.00,90,792,14),(3960,4,12,29.00,90,792,25),(3961,4,12,41.00,90,793,26),(3962,4,12,14.00,90,793,24),(3963,4,12,56.00,90,793,10),(3964,4,12,35.00,90,793,22),(3965,4,12,30.00,90,793,21),(3966,4,12,25.00,90,794,10),(3967,4,12,44.00,90,794,24),(3968,4,12,48.00,90,794,22),(3969,4,12,60.00,90,794,20),(3970,4,12,55.00,90,794,4),(3971,4,12,36.00,90,795,13),(3972,4,12,54.00,90,795,22),(3973,4,12,54.00,90,795,17),(3974,4,12,47.00,90,795,20),(3975,4,12,16.00,90,795,17),(3976,4,12,30.00,90,796,5),(3977,4,12,46.00,90,796,3),(3978,4,12,45.00,90,796,9),(3979,4,12,39.00,90,796,14),(3980,4,12,60.00,90,796,11),(3981,4,12,35.00,90,797,17),(3982,4,12,24.00,90,797,8),(3983,4,12,55.00,90,797,27),(3984,4,12,40.00,90,797,16),(3985,4,12,29.00,90,797,15),(3986,4,12,47.00,90,798,13),(3987,4,12,56.00,90,798,11),(3988,4,12,48.00,90,798,8),(3989,4,12,49.00,90,798,8),(3990,4,12,53.00,90,798,8),(3991,4,12,32.00,90,799,23),(3992,4,12,11.00,90,799,23),(3993,4,12,15.00,90,799,18),(3994,4,12,47.00,90,799,28),(3995,4,12,25.00,90,799,25),(3996,4,12,21.00,90,800,16),(3997,4,12,59.00,90,800,18),(3998,4,12,41.00,90,800,14),(3999,4,12,57.00,90,800,10),(4000,4,12,37.00,90,800,8),(4001,4,12,46.00,90,801,14),(4002,4,12,34.00,90,801,1),(4003,4,12,39.00,90,801,13),(4004,4,12,20.00,90,801,6),(4005,4,12,20.00,90,801,5),(4006,4,12,30.00,90,802,29),(4007,4,12,34.00,90,802,17),(4008,4,12,10.00,90,802,13),(4009,4,12,20.00,90,802,5),(4010,4,12,11.00,90,802,10),(4011,4,12,45.00,90,803,1),(4012,4,12,27.00,90,803,16),(4013,4,12,20.00,90,803,26),(4014,4,12,15.00,90,803,25),(4015,4,12,32.00,90,803,4),(4016,4,12,18.00,90,804,28),(4017,4,12,12.00,90,804,15),(4018,4,12,58.00,90,804,18),(4019,4,12,53.00,90,804,18),(4020,4,12,12.00,90,804,25),(4021,4,12,18.00,90,805,9),(4022,4,12,24.00,90,805,2),(4023,4,12,16.00,90,805,22),(4024,4,12,21.00,90,805,15),(4025,4,12,38.00,90,805,18),(4026,4,12,47.00,90,806,17),(4027,4,12,28.00,90,806,26),(4028,4,12,24.00,90,806,9),(4029,4,12,59.00,90,806,24),(4030,4,12,57.00,90,806,1),(4031,4,12,34.00,90,807,20),(4032,4,12,36.00,90,807,2),(4033,4,12,56.00,90,807,6),(4034,4,12,13.00,90,807,14),(4035,4,12,27.00,90,807,21),(4036,4,12,23.00,90,808,24),(4037,4,12,60.00,90,808,14),(4038,4,12,51.00,90,808,5),(4039,4,12,24.00,90,808,11),(4040,4,12,20.00,90,808,7),(4041,4,12,57.00,90,809,14),(4042,4,12,20.00,90,809,10),(4043,4,12,14.00,90,809,5),(4044,4,12,30.00,90,809,6),(4045,4,12,57.00,90,809,15),(4046,4,12,46.00,90,810,20),(4047,4,12,12.00,90,810,5),(4048,4,12,37.00,90,810,7),(4049,4,12,18.00,90,810,4),(4050,4,12,60.00,90,810,2),(4051,4,12,38.00,90,811,7),(4052,4,12,33.00,90,811,14),(4053,4,12,42.00,90,811,13),(4054,4,12,19.00,90,811,15),(4055,4,12,48.00,90,811,7),(4056,4,12,60.00,90,812,2),(4057,4,12,55.00,90,812,7),(4058,4,12,50.00,90,812,29),(4059,4,12,35.00,90,812,5),(4060,4,12,43.00,90,812,7),(4061,4,12,50.00,90,813,3),(4062,4,12,51.00,90,813,13),(4063,4,12,39.00,90,813,1),(4064,4,12,59.00,90,813,27),(4065,4,12,45.00,90,813,30),(4066,4,12,37.00,90,814,10),(4067,4,12,17.00,90,814,25),(4068,4,12,41.00,90,814,10),(4069,4,12,10.00,90,814,10),(4070,4,12,57.00,90,814,12),(4071,4,12,60.00,90,815,27),(4072,4,12,25.00,90,815,6),(4073,4,12,27.00,90,815,7),(4074,4,12,40.00,90,815,23),(4075,4,12,39.00,90,815,23),(4076,4,12,19.00,90,816,29),(4077,4,12,52.00,90,816,6),(4078,4,12,23.00,90,816,2),(4079,4,12,31.00,90,816,18),(4080,4,12,37.00,90,816,20),(4081,4,12,22.00,90,817,3),(4082,4,12,55.00,90,817,25),(4083,4,12,46.00,90,817,2),(4084,4,12,42.00,90,817,30),(4085,4,12,43.00,90,817,12),(4086,4,12,59.00,90,818,14),(4087,4,12,12.00,90,818,9),(4088,4,12,57.00,90,818,30),(4089,4,12,53.00,90,818,21),(4090,4,12,49.00,90,818,26),(4091,4,12,29.00,90,819,19),(4092,4,12,29.00,90,819,1),(4093,4,12,38.00,90,819,9),(4094,4,12,60.00,90,819,14),(4095,4,12,35.00,90,819,9),(4096,4,12,40.00,90,820,22),(4097,4,12,34.00,90,820,17),(4098,4,12,45.00,90,820,9),(4099,4,12,29.00,90,820,1),(4100,4,12,57.00,90,820,18),(4101,4,12,20.00,90,821,6),(4102,4,12,30.00,90,821,19),(4103,4,12,51.00,90,821,11),(4104,4,12,18.00,90,821,18),(4105,4,12,14.00,90,821,14),(4106,4,12,57.00,90,822,7),(4107,4,12,24.00,90,822,2),(4108,4,12,43.00,90,822,14),(4109,4,12,19.00,90,822,11),(4110,4,12,53.00,90,822,17),(4111,4,12,60.00,90,823,17),(4112,4,12,51.00,90,823,4),(4113,4,12,19.00,90,823,4),(4114,4,12,22.00,90,823,5),(4115,4,12,57.00,90,823,22),(4116,4,12,60.00,90,824,19),(4117,4,12,17.00,90,824,11),(4118,4,12,57.00,90,824,5),(4119,4,12,54.00,90,824,29),(4120,4,12,34.00,90,824,10),(4121,4,12,28.00,90,825,24),(4122,4,12,12.00,90,825,7),(4123,4,12,27.00,90,825,7),(4124,4,12,12.00,90,825,25),(4125,4,12,12.00,90,825,21),(4126,4,12,11.00,90,826,1),(4127,4,12,45.00,90,826,1),(4128,4,12,38.00,90,826,12),(4129,4,12,47.00,90,826,18),(4130,4,12,33.00,90,826,1),(4131,4,12,25.00,90,827,26),(4132,4,12,39.00,90,827,13),(4133,4,12,56.00,90,827,4),(4134,4,12,13.00,90,827,22),(4135,4,12,51.00,90,827,26),(4136,4,12,28.00,90,828,30),(4137,4,12,47.00,90,828,5),(4138,4,12,56.00,90,828,11),(4139,4,12,34.00,90,828,16),(4140,4,12,46.00,90,828,11),(4141,4,12,46.00,90,829,22),(4142,4,12,30.00,90,829,27),(4143,4,12,28.00,90,829,7),(4144,4,12,24.00,90,829,23),(4145,4,12,41.00,90,829,21),(4146,4,12,10.00,90,830,27),(4147,4,12,40.00,90,830,15),(4148,4,12,58.00,90,830,26),(4149,4,12,14.00,90,830,7),(4150,4,12,55.00,90,830,17),(4151,4,12,41.00,90,831,18),(4152,4,12,49.00,90,831,13),(4153,4,12,53.00,90,831,4),(4154,4,12,56.00,90,831,29),(4155,4,12,18.00,90,831,15),(4156,4,12,54.00,90,832,18),(4157,4,12,55.00,90,832,14),(4158,4,12,20.00,90,832,6),(4159,4,12,55.00,90,832,5),(4160,4,12,31.00,90,832,16),(4161,4,12,36.00,90,833,22),(4162,4,12,36.00,90,833,30),(4163,4,12,11.00,90,833,22),(4164,4,12,16.00,90,833,4),(4165,4,12,16.00,90,833,12),(4166,4,12,40.00,90,834,9),(4167,4,12,11.00,90,834,14),(4168,4,12,18.00,90,834,24),(4169,4,12,10.00,90,834,26),(4170,4,12,49.00,90,834,21),(4171,4,12,14.00,90,835,20),(4172,4,12,39.00,90,835,14),(4173,4,12,56.00,90,835,25),(4174,4,12,16.00,90,835,14),(4175,4,12,59.00,90,835,25),(4176,4,12,19.00,90,836,26),(4177,4,12,16.00,90,836,29),(4178,4,12,32.00,90,836,3),(4179,4,12,36.00,90,836,14),(4180,4,12,26.00,90,836,28),(4181,4,12,34.00,90,837,7),(4182,4,12,10.00,90,837,13),(4183,4,12,18.00,90,837,9),(4184,4,12,47.00,90,837,13),(4185,4,12,11.00,90,837,3),(4186,4,12,57.00,90,838,7),(4187,4,12,55.00,90,838,7),(4188,4,12,33.00,90,838,17),(4189,4,12,15.00,90,838,21),(4190,4,12,29.00,90,838,9),(4191,4,12,44.00,90,839,19),(4192,4,12,55.00,90,839,24),(4193,4,12,59.00,90,839,26),(4194,4,12,39.00,90,839,28),(4195,4,12,33.00,90,839,15),(4196,4,12,49.00,90,840,10),(4197,4,12,54.00,90,840,11),(4198,4,12,48.00,90,840,13),(4199,4,12,32.00,90,840,27),(4200,4,12,42.00,90,840,9),(4201,4,12,16.00,90,841,10),(4202,4,12,32.00,90,841,11),(4203,4,12,53.00,90,841,3),(4204,4,12,36.00,90,841,17),(4205,4,12,41.00,90,841,7),(4206,4,12,36.00,90,842,29),(4207,4,12,44.00,90,842,3),(4208,4,12,30.00,90,842,4),(4209,4,12,53.00,90,842,11),(4210,4,12,45.00,90,842,27),(4211,4,12,26.00,90,843,4),(4212,4,12,57.00,90,843,15),(4213,4,12,39.00,90,843,28),(4214,4,12,47.00,90,843,12),(4215,4,12,56.00,90,843,25),(4216,4,12,19.00,90,844,23),(4217,4,12,19.00,90,844,7),(4218,4,12,30.00,90,844,20),(4219,4,12,33.00,90,844,14),(4220,4,12,46.00,90,844,5),(4221,4,12,12.00,90,845,14),(4222,4,12,53.00,90,845,8),(4223,4,12,52.00,90,845,21),(4224,4,12,45.00,90,845,13),(4225,4,12,17.00,90,845,29),(4226,4,12,56.00,90,846,7),(4227,4,12,28.00,90,846,6),(4228,4,12,17.00,90,846,23),(4229,4,12,48.00,90,846,20),(4230,4,12,28.00,90,846,6),(4231,4,12,34.00,90,847,5),(4232,4,12,50.00,90,847,4),(4233,4,12,41.00,90,847,10),(4234,4,12,22.00,90,847,14),(4235,4,12,38.00,90,847,4),(4236,4,12,43.00,90,848,29),(4237,4,12,58.00,90,848,20),(4238,4,12,60.00,90,848,24),(4239,4,12,29.00,90,848,2),(4240,4,12,48.00,90,848,6),(4241,4,12,39.00,90,849,21),(4242,4,12,14.00,90,849,15),(4243,4,12,60.00,90,849,25),(4244,4,12,34.00,90,849,27),(4245,4,12,45.00,90,849,5),(4246,4,12,12.00,90,850,15),(4247,4,12,58.00,90,850,29),(4248,4,12,31.00,90,850,9),(4249,4,12,46.00,90,850,6),(4250,4,12,36.00,90,850,5),(4251,4,12,32.00,90,851,6),(4252,4,12,25.00,90,851,17),(4253,4,12,44.00,90,851,2),(4254,4,12,45.00,90,851,10),(4255,4,12,49.00,90,851,16),(4256,4,12,33.00,90,852,27),(4257,4,12,52.00,90,852,23),(4258,4,12,25.00,90,852,19),(4259,4,12,29.00,90,852,6),(4260,4,12,27.00,90,852,11),(4261,4,12,33.00,90,853,7),(4262,4,12,39.00,90,853,4),(4263,4,12,59.00,90,853,9),(4264,4,12,56.00,90,853,30),(4265,4,12,52.00,90,853,5),(4266,4,12,29.00,90,854,7),(4267,4,12,26.00,90,854,1),(4268,4,12,46.00,90,854,16),(4269,4,12,31.00,90,854,26),(4270,4,12,22.00,90,854,8),(4271,4,12,26.00,90,855,24),(4272,4,12,58.00,90,855,3),(4273,4,12,23.00,90,855,6),(4274,4,12,22.00,90,855,3),(4275,4,12,59.00,90,855,22),(4276,4,12,59.00,90,856,5),(4277,4,12,50.00,90,856,27),(4278,4,12,18.00,90,856,1),(4279,4,12,10.00,90,856,18),(4280,4,12,13.00,90,856,11),(4281,4,12,46.00,90,857,12),(4282,4,12,37.00,90,857,28),(4283,4,12,52.00,90,857,22),(4284,4,12,22.00,90,857,7),(4285,4,12,57.00,90,857,11),(4286,4,12,56.00,90,858,5),(4287,4,12,26.00,90,858,6),(4288,4,12,31.00,90,858,23),(4289,4,12,27.00,90,858,4),(4290,4,12,20.00,90,858,5),(4291,4,12,52.00,90,859,10),(4292,4,12,59.00,90,859,12),(4293,4,12,44.00,90,859,7),(4294,4,12,52.00,90,859,28),(4295,4,12,11.00,90,859,22),(4296,4,12,60.00,90,860,23),(4297,4,12,34.00,90,860,12),(4298,4,12,59.00,90,860,27),(4299,4,12,37.00,90,860,22),(4300,4,12,12.00,90,860,19),(4301,4,12,23.00,90,861,26),(4302,4,12,16.00,90,861,26),(4303,4,12,37.00,90,861,9),(4304,4,12,17.00,90,861,12),(4305,4,12,22.00,90,861,10),(4306,4,12,13.00,90,862,14),(4307,4,12,59.00,90,862,2),(4308,4,12,26.00,90,862,16),(4309,4,12,51.00,90,862,30),(4310,4,12,16.00,90,862,13),(4311,4,12,26.00,90,863,23),(4312,4,12,52.00,90,863,8),(4313,4,12,18.00,90,863,12),(4314,4,12,24.00,90,863,16),(4315,4,12,50.00,90,863,13),(4316,4,12,58.00,90,864,12),(4317,4,12,24.00,90,864,30),(4318,4,12,46.00,90,864,13),(4319,4,12,46.00,90,864,15),(4320,4,12,37.00,90,864,9),(4321,4,12,60.00,90,865,16),(4322,4,12,54.00,90,865,28),(4323,4,12,27.00,90,865,15),(4324,4,12,16.00,90,865,18),(4325,4,12,29.00,90,865,18),(4326,4,12,41.00,90,866,12),(4327,4,12,52.00,90,866,4),(4328,4,12,31.00,90,866,7),(4329,4,12,35.00,90,866,2),(4330,4,12,42.00,90,866,1),(4331,4,12,53.00,90,867,25),(4332,4,12,22.00,90,867,22),(4333,4,12,37.00,90,867,26),(4334,4,12,31.00,90,867,29),(4335,4,12,52.00,90,867,29),(4336,4,12,22.00,90,868,15),(4337,4,12,59.00,90,868,30),(4338,4,12,44.00,90,868,28),(4339,4,12,60.00,90,868,29),(4340,4,12,10.00,90,868,6),(4341,4,12,28.00,90,869,15),(4342,4,12,48.00,90,869,7),(4343,4,12,21.00,90,869,27),(4344,4,12,16.00,90,869,12),(4345,4,12,54.00,90,869,24),(4346,4,12,47.00,90,870,13),(4347,4,12,33.00,90,870,30),(4348,4,12,26.00,90,870,20),(4349,4,12,31.00,90,870,2),(4350,4,12,44.00,90,870,20),(4351,4,12,23.00,90,871,30),(4352,4,12,41.00,90,871,6),(4353,4,12,19.00,90,871,5),(4354,4,12,35.00,90,871,18),(4355,4,12,41.00,90,871,8),(4356,4,12,14.00,90,872,29),(4357,4,12,11.00,90,872,20),(4358,4,12,12.00,90,872,7),(4359,4,12,18.00,90,872,17),(4360,4,12,22.00,90,872,2),(4361,4,12,50.00,90,873,22),(4362,4,12,11.00,90,873,21),(4363,4,12,33.00,90,873,24),(4364,4,12,56.00,90,873,26),(4365,4,12,49.00,90,873,22),(4366,4,12,40.00,90,874,21),(4367,4,12,47.00,90,874,6),(4368,4,12,28.00,90,874,13),(4369,4,12,55.00,90,874,5),(4370,4,12,33.00,90,874,24),(4371,4,12,47.00,90,875,17),(4372,4,12,37.00,90,875,13),(4373,4,12,45.00,90,875,23),(4374,4,12,15.00,90,875,11),(4375,4,12,22.00,90,875,15),(4376,4,12,39.00,90,876,25),(4377,4,12,47.00,90,876,23),(4378,4,12,22.00,90,876,24),(4379,4,12,33.00,90,876,29),(4380,4,12,21.00,90,876,28),(4381,4,12,48.00,90,877,13),(4382,4,12,43.00,90,877,20),(4383,4,12,26.00,90,877,23),(4384,4,12,14.00,90,877,11),(4385,4,12,35.00,90,877,18),(4386,4,12,41.00,90,878,26),(4387,4,12,56.00,90,878,27),(4388,4,12,55.00,90,878,6),(4389,4,12,21.00,90,878,6),(4390,4,12,55.00,90,878,24),(4391,4,12,52.00,90,879,22),(4392,4,12,29.00,90,879,8),(4393,4,12,26.00,90,879,24),(4394,4,12,13.00,90,879,8),(4395,4,12,60.00,90,879,14),(4396,4,12,51.00,90,880,5),(4397,4,12,13.00,90,880,17),(4398,4,12,15.00,90,880,11),(4399,4,12,52.00,90,880,25),(4400,4,12,44.00,90,880,29),(4401,4,12,49.00,90,881,4),(4402,4,12,58.00,90,881,4),(4403,4,12,60.00,90,881,13),(4404,4,12,48.00,90,881,15),(4405,4,12,47.00,90,881,19),(4406,4,12,24.00,90,882,22),(4407,4,12,10.00,90,882,29),(4408,4,12,21.00,90,882,19),(4409,4,12,37.00,90,882,8),(4410,4,12,13.00,90,882,10),(4411,4,12,48.00,90,883,2),(4412,4,12,55.00,90,883,30),(4413,4,12,57.00,90,883,30),(4414,4,12,28.00,90,883,12),(4415,4,12,47.00,90,883,15),(4416,4,12,48.00,90,884,25),(4417,4,12,23.00,90,884,22),(4418,4,12,39.00,90,884,30),(4419,4,12,10.00,90,884,13),(4420,4,12,47.00,90,884,30),(4421,4,12,36.00,90,885,20),(4422,4,12,57.00,90,885,4),(4423,4,12,58.00,90,885,18),(4424,4,12,51.00,90,885,7),(4425,4,12,25.00,90,885,19),(4426,4,12,14.00,90,886,20),(4427,4,12,50.00,90,886,30),(4428,4,12,55.00,90,886,26),(4429,4,12,15.00,90,886,27),(4430,4,12,16.00,90,886,12),(4431,4,12,38.00,90,887,4),(4432,4,12,42.00,90,887,27),(4433,4,12,25.00,90,887,18),(4434,4,12,28.00,90,887,28),(4435,4,12,48.00,90,887,22),(4436,4,12,12.00,90,888,8),(4437,4,12,22.00,90,888,8),(4438,4,12,36.00,90,888,24),(4439,4,12,42.00,90,888,23),(4440,4,12,28.00,90,888,6),(4441,4,12,28.00,90,889,10),(4442,4,12,31.00,90,889,6),(4443,4,12,60.00,90,889,15),(4444,4,12,17.00,90,889,10),(4445,4,12,13.00,90,889,4),(4446,4,12,13.00,90,890,24),(4447,4,12,56.00,90,890,26),(4448,4,12,28.00,90,890,4),(4449,4,12,33.00,90,890,23),(4450,4,12,12.00,90,890,9),(4451,4,12,38.00,90,891,24),(4452,4,12,26.00,90,891,3),(4453,4,12,31.00,90,891,9),(4454,4,12,58.00,90,891,19),(4455,4,12,27.00,90,891,19),(4456,4,12,54.00,90,892,30),(4457,4,12,59.00,90,892,9),(4458,4,12,44.00,90,892,25),(4459,4,12,36.00,90,892,21),(4460,4,12,11.00,90,892,8),(4461,4,12,55.00,90,893,15),(4462,4,12,43.00,90,893,1),(4463,4,12,58.00,90,893,3),(4464,4,12,25.00,90,893,23),(4465,4,12,46.00,90,893,10),(4466,4,12,55.00,90,894,15),(4467,4,12,50.00,90,894,7),(4468,4,12,42.00,90,894,3),(4469,4,12,49.00,90,894,17),(4470,4,12,30.00,90,894,4),(4471,4,12,43.00,90,895,18),(4472,4,12,33.00,90,895,10),(4473,4,12,32.00,90,895,13),(4474,4,12,56.00,90,895,14),(4475,4,12,24.00,90,895,30),(4476,4,12,37.00,90,896,24),(4477,4,12,49.00,90,896,12),(4478,4,12,48.00,90,896,25),(4479,4,12,22.00,90,896,23),(4480,4,12,51.00,90,896,14),(4481,4,12,15.00,90,897,13),(4482,4,12,24.00,90,897,26),(4483,4,12,56.00,90,897,30),(4484,4,12,59.00,90,897,3),(4485,4,12,39.00,90,897,6),(4486,4,12,32.00,90,898,28),(4487,4,12,18.00,90,898,5),(4488,4,12,36.00,90,898,1),(4489,4,12,53.00,90,898,26),(4490,4,12,32.00,90,898,4),(4491,4,12,42.00,90,899,9),(4492,4,12,50.00,90,899,26),(4493,4,12,27.00,90,899,4),(4494,4,12,17.00,90,899,25),(4495,4,12,24.00,90,899,9),(4496,4,12,22.00,90,900,17),(4497,4,12,43.00,90,900,9),(4498,4,12,19.00,90,900,13),(4499,4,12,17.00,90,900,19),(4500,4,12,53.00,90,900,9);
/*!40000 ALTER TABLE `prevede` ENABLE KEYS */;
UNLOCK TABLES;

--
-- Table structure for table `scheda`
--

DROP TABLE IF EXISTS `scheda`;
/*!40101 SET @saved_cs_client     = @@character_set_client */;
/*!40101 SET character_set_client = utf8 */;
CREATE TABLE `scheda` (
  `id_scheda` int(11) NOT NULL AUTO_INCREMENT,
  `data_inizio` date NOT NULL,
  `data_fine` date DEFAULT NULL,
  `utente` int(11) NOT NULL,
  `coach` int(11) DEFAULT NULL,
  PRIMARY KEY (`id_scheda`),
  KEY `utente` (`utente`),
  KEY `coach` (`coach`),
  CONSTRAINT `scheda_ibfk_1` FOREIGN KEY (`utente`) REFERENCES `utente` (`id_utente`) ON DELETE CASCADE ON UPDATE CASCADE,
  CONSTRAINT `scheda_ibfk_2` FOREIGN KEY (`coach`) REFERENCES `coach` (`id_coach`) ON DELETE SET NULL ON UPDATE CASCADE
) ENGINE=InnoDB AUTO_INCREMENT=301 DEFAULT CHARSET=utf8mb4 COLLATE=utf8mb4_general_ci;
/*!40101 SET character_set_client = @saved_cs_client */;

--
-- Dumping data for table `scheda`
--

LOCK TABLES `scheda` WRITE;
/*!40000 ALTER TABLE `scheda` DISABLE KEYS */;
INSERT INTO `scheda` VALUES (1,'2025-09-29','2026-01-27',1,2),(2,'2025-07-01','2025-09-29',1,2),(3,'2025-04-02','2025-07-01',1,2),(4,'2025-09-29','2026-01-27',2,1),(5,'2025-07-01','2025-09-29',2,1),(6,'2025-04-02','2025-07-01',2,1),(7,'2025-09-29','2026-01-27',3,2),(8,'2025-07-01','2025-09-29',3,2),(9,'2025-04-02','2025-07-01',3,2),(10,'2025-09-29','2026-01-27',4,5),(11,'2025-07-01','2025-09-29',4,5),(12,'2025-04-02','2025-07-01',4,5),(13,'2025-09-29','2026-01-27',5,3),(14,'2025-07-01','2025-09-29',5,3),(15,'2025-04-02','2025-07-01',5,3),(16,'2025-09-29','2026-01-27',6,3),(17,'2025-07-01','2025-09-29',6,3),(18,'2025-04-02','2025-07-01',6,3),(19,'2025-09-29','2026-01-27',7,2),(20,'2025-07-01','2025-09-29',7,2),(21,'2025-04-02','2025-07-01',7,2),(22,'2025-09-29','2026-01-27',8,1),(23,'2025-07-01','2025-09-29',8,1),(24,'2025-04-02','2025-07-01',8,1),(25,'2025-09-29','2026-01-27',9,4),(26,'2025-07-01','2025-09-29',9,4),(27,'2025-04-02','2025-07-01',9,4),(28,'2025-09-29','2026-01-27',10,5),(29,'2025-07-01','2025-09-29',10,5),(30,'2025-04-02','2025-07-01',10,5),(31,'2025-09-29','2026-01-27',11,5),(32,'2025-07-01','2025-09-29',11,5),(33,'2025-04-02','2025-07-01',11,5),(34,'2025-09-29','2026-01-27',12,1),(35,'2025-07-01','2025-09-29',12,1),(36,'2025-04-02','2025-07-01',12,1),(37,'2025-09-29','2026-01-27',13,4),(38,'2025-07-01','2025-09-29',13,4),(39,'2025-04-02','2025-07-01',13,4),(40,'2025-09-29','2026-01-27',14,1),(41,'2025-07-01','2025-09-29',14,1),(42,'2025-04-02','2025-07-01',14,1),(43,'2025-09-29','2026-01-27',15,3),(44,'2025-07-01','2025-09-29',15,3),(45,'2025-04-02','2025-07-01',15,3),(46,'2025-09-29','2026-01-27',16,1),(47,'2025-07-01','2025-09-29',16,1),(48,'2025-04-02','2025-07-01',16,1),(49,'2025-09-29','2026-01-27',17,3),(50,'2025-07-01','2025-09-29',17,3),(51,'2025-04-02','2025-07-01',17,3),(52,'2025-09-29','2026-01-27',18,3),(53,'2025-07-01','2025-09-29',18,3),(54,'2025-04-02','2025-07-01',18,3),(55,'2025-09-29','2026-01-27',19,2),(56,'2025-07-01','2025-09-29',19,2),(57,'2025-04-02','2025-07-01',19,2),(58,'2025-09-29','2026-01-27',20,1),(59,'2025-07-01','2025-09-29',20,1),(60,'2025-04-02','2025-07-01',20,1),(61,'2025-09-29','2026-01-27',21,1),(62,'2025-07-01','2025-09-29',21,1),(63,'2025-04-02','2025-07-01',21,1),(64,'2025-09-29','2026-01-27',22,1),(65,'2025-07-01','2025-09-29',22,1),(66,'2025-04-02','2025-07-01',22,1),(67,'2025-09-29','2026-01-27',23,4),(68,'2025-07-01','2025-09-29',23,4),(69,'2025-04-02','2025-07-01',23,4),(70,'2025-09-29','2026-01-27',24,4),(71,'2025-07-01','2025-09-29',24,4),(72,'2025-04-02','2025-07-01',24,4),(73,'2025-09-29','2026-01-27',25,5),(74,'2025-07-01','2025-09-29',25,5),(75,'2025-04-02','2025-07-01',25,5),(76,'2025-09-29','2026-01-27',26,1),(77,'2025-07-01','2025-09-29',26,1),(78,'2025-04-02','2025-07-01',26,1),(79,'2025-09-29','2026-01-27',27,3),(80,'2025-07-01','2025-09-29',27,3),(81,'2025-04-02','2025-07-01',27,3),(82,'2025-09-29','2026-01-27',28,1),(83,'2025-07-01','2025-09-29',28,1),(84,'2025-04-02','2025-07-01',28,1),(85,'2025-09-29','2026-01-27',29,5),(86,'2025-07-01','2025-09-29',29,5),(87,'2025-04-02','2025-07-01',29,5),(88,'2025-09-29','2026-01-27',30,2),(89,'2025-07-01','2025-09-29',30,2),(90,'2025-04-02','2025-07-01',30,2),(91,'2025-09-29','2026-01-27',31,2),(92,'2025-07-01','2025-09-29',31,2),(93,'2025-04-02','2025-07-01',31,2),(94,'2025-09-29','2026-01-27',32,3),(95,'2025-07-01','2025-09-29',32,3),(96,'2025-04-02','2025-07-01',32,3),(97,'2025-09-29','2026-01-27',33,3),(98,'2025-07-01','2025-09-29',33,3),(99,'2025-04-02','2025-07-01',33,3),(100,'2025-09-29','2026-01-27',34,5),(101,'2025-07-01','2025-09-29',34,5),(102,'2025-04-02','2025-07-01',34,5),(103,'2025-09-29','2026-01-27',35,5),(104,'2025-07-01','2025-09-29',35,5),(105,'2025-04-02','2025-07-01',35,5),(106,'2025-09-29','2026-01-27',36,3),(107,'2025-07-01','2025-09-29',36,3),(108,'2025-04-02','2025-07-01',36,3),(109,'2025-09-29','2026-01-27',37,1),(110,'2025-07-01','2025-09-29',37,1),(111,'2025-04-02','2025-07-01',37,1),(112,'2025-09-29','2026-01-27',38,5),(113,'2025-07-01','2025-09-29',38,5),(114,'2025-04-02','2025-07-01',38,5),(115,'2025-09-29','2026-01-27',39,2),(116,'2025-07-01','2025-09-29',39,2),(117,'2025-04-02','2025-07-01',39,2),(118,'2025-09-29','2026-01-27',40,4),(119,'2025-07-01','2025-09-29',40,4),(120,'2025-04-02','2025-07-01',40,4),(121,'2025-09-29','2026-01-27',41,2),(122,'2025-07-01','2025-09-29',41,2),(123,'2025-04-02','2025-07-01',41,2),(124,'2025-09-29','2026-01-27',42,1),(125,'2025-07-01','2025-09-29',42,1),(126,'2025-04-02','2025-07-01',42,1),(127,'2025-09-29','2026-01-27',43,4),(128,'2025-07-01','2025-09-29',43,4),(129,'2025-04-02','2025-07-01',43,4),(130,'2025-09-29','2026-01-27',44,5),(131,'2025-07-01','2025-09-29',44,5),(132,'2025-04-02','2025-07-01',44,5),(133,'2025-09-29','2026-01-27',45,4),(134,'2025-07-01','2025-09-29',45,4),(135,'2025-04-02','2025-07-01',45,4),(136,'2025-09-29','2026-01-27',46,2),(137,'2025-07-01','2025-09-29',46,2),(138,'2025-04-02','2025-07-01',46,2),(139,'2025-09-29','2026-01-27',47,5),(140,'2025-07-01','2025-09-29',47,5),(141,'2025-04-02','2025-07-01',47,5),(142,'2025-09-29','2026-01-27',48,2),(143,'2025-07-01','2025-09-29',48,2),(144,'2025-04-02','2025-07-01',48,2),(145,'2025-09-29','2026-01-27',49,1),(146,'2025-07-01','2025-09-29',49,1),(147,'2025-04-02','2025-07-01',49,1),(148,'2025-09-29','2026-01-27',50,2),(149,'2025-07-01','2025-09-29',50,2),(150,'2025-04-02','2025-07-01',50,2),(151,'2025-09-29','2026-01-27',51,5),(152,'2025-07-01','2025-09-29',51,5),(153,'2025-04-02','2025-07-01',51,5),(154,'2025-09-29','2026-01-27',52,2),(155,'2025-07-01','2025-09-29',52,2),(156,'2025-04-02','2025-07-01',52,2),(157,'2025-09-29','2026-01-27',53,4),(158,'2025-07-01','2025-09-29',53,4),(159,'2025-04-02','2025-07-01',53,4),(160,'2025-09-29','2026-01-27',54,2),(161,'2025-07-01','2025-09-29',54,2),(162,'2025-04-02','2025-07-01',54,2),(163,'2025-09-29','2026-01-27',55,5),(164,'2025-07-01','2025-09-29',55,5),(165,'2025-04-02','2025-07-01',55,5),(166,'2025-09-29','2026-01-27',56,2),(167,'2025-07-01','2025-09-29',56,2),(168,'2025-04-02','2025-07-01',56,2),(169,'2025-09-29','2026-01-27',57,2),(170,'2025-07-01','2025-09-29',57,2),(171,'2025-04-02','2025-07-01',57,2),(172,'2025-09-29','2026-01-27',58,3),(173,'2025-07-01','2025-09-29',58,3),(174,'2025-04-02','2025-07-01',58,3),(175,'2025-09-29','2026-01-27',59,3),(176,'2025-07-01','2025-09-29',59,3),(177,'2025-04-02','2025-07-01',59,3),(178,'2025-09-29','2026-01-27',60,5),(179,'2025-07-01','2025-09-29',60,5),(180,'2025-04-02','2025-07-01',60,5),(181,'2025-09-29','2026-01-27',61,5),(182,'2025-07-01','2025-09-29',61,5),(183,'2025-04-02','2025-07-01',61,5),(184,'2025-09-29','2026-01-27',62,3),(185,'2025-07-01','2025-09-29',62,3),(186,'2025-04-02','2025-07-01',62,3),(187,'2025-09-29','2026-01-27',63,1),(188,'2025-07-01','2025-09-29',63,1),(189,'2025-04-02','2025-07-01',63,1),(190,'2025-09-29','2026-01-27',64,3),(191,'2025-07-01','2025-09-29',64,3),(192,'2025-04-02','2025-07-01',64,3),(193,'2025-09-29','2026-01-27',65,2),(194,'2025-07-01','2025-09-29',65,2),(195,'2025-04-02','2025-07-01',65,2),(196,'2025-09-29','2026-01-27',66,2),(197,'2025-07-01','2025-09-29',66,2),(198,'2025-04-02','2025-07-01',66,2),(199,'2025-09-29','2026-01-27',67,1),(200,'2025-07-01','2025-09-29',67,1),(201,'2025-04-02','2025-07-01',67,1),(202,'2025-09-29','2026-01-27',68,1),(203,'2025-07-01','2025-09-29',68,1),(204,'2025-04-02','2025-07-01',68,1),(205,'2025-09-29','2026-01-27',69,4),(206,'2025-07-01','2025-09-29',69,4),(207,'2025-04-02','2025-07-01',69,4),(208,'2025-09-29','2026-01-27',70,3),(209,'2025-07-01','2025-09-29',70,3),(210,'2025-04-02','2025-07-01',70,3),(211,'2025-09-29','2026-01-27',71,4),(212,'2025-07-01','2025-09-29',71,4),(213,'2025-04-02','2025-07-01',71,4),(214,'2025-09-29','2026-01-27',72,5),(215,'2025-07-01','2025-09-29',72,5),(216,'2025-04-02','2025-07-01',72,5),(217,'2025-09-29','2026-01-27',73,2),(218,'2025-07-01','2025-09-29',73,2),(219,'2025-04-02','2025-07-01',73,2),(220,'2025-09-29','2026-01-27',74,5),(221,'2025-07-01','2025-09-29',74,5),(222,'2025-04-02','2025-07-01',74,5),(223,'2025-09-29','2026-01-27',75,3),(224,'2025-07-01','2025-09-29',75,3),(225,'2025-04-02','2025-07-01',75,3),(226,'2025-09-29','2026-01-27',76,2),(227,'2025-07-01','2025-09-29',76,2),(228,'2025-04-02','2025-07-01',76,2),(229,'2025-09-29','2026-01-27',77,4),(230,'2025-07-01','2025-09-29',77,4),(231,'2025-04-02','2025-07-01',77,4),(232,'2025-09-29','2026-01-27',78,3),(233,'2025-07-01','2025-09-29',78,3),(234,'2025-04-02','2025-07-01',78,3),(235,'2025-09-29','2026-01-27',79,1),(236,'2025-07-01','2025-09-29',79,1),(237,'2025-04-02','2025-07-01',79,1),(238,'2025-09-29','2026-01-27',80,5),(239,'2025-07-01','2025-09-29',80,5),(240,'2025-04-02','2025-07-01',80,5),(241,'2025-09-29','2026-01-27',81,4),(242,'2025-07-01','2025-09-29',81,4),(243,'2025-04-02','2025-07-01',81,4),(244,'2025-09-29','2026-01-27',82,3),(245,'2025-07-01','2025-09-29',82,3),(246,'2025-04-02','2025-07-01',82,3),(247,'2025-09-29','2026-01-27',83,4),(248,'2025-07-01','2025-09-29',83,4),(249,'2025-04-02','2025-07-01',83,4),(250,'2025-09-29','2026-01-27',84,3),(251,'2025-07-01','2025-09-29',84,3),(252,'2025-04-02','2025-07-01',84,3),(253,'2025-09-29','2026-01-27',85,1),(254,'2025-07-01','2025-09-29',85,1),(255,'2025-04-02','2025-07-01',85,1),(256,'2025-09-29','2026-01-27',86,2),(257,'2025-07-01','2025-09-29',86,2),(258,'2025-04-02','2025-07-01',86,2),(259,'2025-09-29','2026-01-27',87,1),(260,'2025-07-01','2025-09-29',87,1),(261,'2025-04-02','2025-07-01',87,1),(262,'2025-09-29','2026-01-27',88,4),(263,'2025-07-01','2025-09-29',88,4),(264,'2025-04-02','2025-07-01',88,4),(265,'2025-09-29','2026-01-27',89,5),(266,'2025-07-01','2025-09-29',89,5),(267,'2025-04-02','2025-07-01',89,5),(268,'2025-09-29','2026-01-27',90,2),(269,'2025-07-01','2025-09-29',90,2),(270,'2025-04-02','2025-07-01',90,2),(271,'2025-09-29','2026-01-27',91,1),(272,'2025-07-01','2025-09-29',91,1),(273,'2025-04-02','2025-07-01',91,1),(274,'2025-09-29','2026-01-27',92,4),(275,'2025-07-01','2025-09-29',92,4),(276,'2025-04-02','2025-07-01',92,4),(277,'2025-09-29','2026-01-27',93,1),(278,'2025-07-01','2025-09-29',93,1),(279,'2025-04-02','2025-07-01',93,1),(280,'2025-09-29','2026-01-27',94,1),(281,'2025-07-01','2025-09-29',94,1),(282,'2025-04-02','2025-07-01',94,1),(283,'2025-09-29','2026-01-27',95,2),(284,'2025-07-01','2025-09-29',95,2),(285,'2025-04-02','2025-07-01',95,2),(286,'2025-09-29','2026-01-27',96,4),(287,'2025-07-01','2025-09-29',96,4),(288,'2025-04-02','2025-07-01',96,4),(289,'2025-09-29','2026-01-27',97,3),(290,'2025-07-01','2025-09-29',97,3),(291,'2025-04-02','2025-07-01',97,3),(292,'2025-09-29','2026-01-27',98,2),(293,'2025-07-01','2025-09-29',98,2),(294,'2025-04-02','2025-07-01',98,2),(295,'2025-09-29','2026-01-27',99,1),(296,'2025-07-01','2025-09-29',99,1),(297,'2025-04-02','2025-07-01',99,1),(298,'2025-09-29','2026-01-27',100,5),(299,'2025-07-01','2025-09-29',100,5),(300,'2025-04-02','2025-07-01',100,5);
/*!40000 ALTER TABLE `scheda` ENABLE KEYS */;
UNLOCK TABLES;

--
-- Table structure for table `sessione_allenamento`
--

DROP TABLE IF EXISTS `sessione_allenamento`;
/*!40101 SET @saved_cs_client     = @@character_set_client */;
/*!40101 SET character_set_client = utf8 */;
CREATE TABLE `sessione_allenamento` (
  `id_sessione_allenamento` int(11) NOT NULL AUTO_INCREMENT,
  `tipo_allenamento` varchar(64) NOT NULL,
  `scheda` int(11) NOT NULL,
  PRIMARY KEY (`id_sessione_allenamento`),
  KEY `scheda` (`scheda`),
  CONSTRAINT `sessione_allenamento_ibfk_1` FOREIGN KEY (`scheda`) REFERENCES `scheda` (`id_scheda`) ON DELETE CASCADE ON UPDATE CASCADE
) ENGINE=InnoDB AUTO_INCREMENT=901 DEFAULT CHARSET=utf8mb4 COLLATE=utf8mb4_general_ci;
/*!40101 SET character_set_client = @saved_cs_client */;

--
-- Dumping data for table `sessione_allenamento`
--

LOCK TABLES `sessione_allenamento` WRITE;
/*!40000 ALTER TABLE `sessione_allenamento` DISABLE KEYS */;
INSERT INTO `sessione_allenamento` VALUES (1,'Giorno A',1),(2,'Giorno B',1),(3,'Giorno C',1),(4,'Giorno A',2),(5,'Giorno B',2),(6,'Giorno C',2),(7,'Giorno A',3),(8,'Giorno B',3),(9,'Giorno C',3),(10,'Giorno A',4),(11,'Giorno B',4),(12,'Giorno C',4),(13,'Giorno A',5),(14,'Giorno B',5),(15,'Giorno C',5),(16,'Giorno A',6),(17,'Giorno B',6),(18,'Giorno C',6),(19,'Giorno A',7),(20,'Giorno B',7),(21,'Giorno C',7),(22,'Giorno A',8),(23,'Giorno B',8),(24,'Giorno C',8),(25,'Giorno A',9),(26,'Giorno B',9),(27,'Giorno C',9),(28,'Giorno A',10),(29,'Giorno B',10),(30,'Giorno C',10),(31,'Giorno A',11),(32,'Giorno B',11),(33,'Giorno C',11),(34,'Giorno A',12),(35,'Giorno B',12),(36,'Giorno C',12),(37,'Giorno A',13),(38,'Giorno B',13),(39,'Giorno C',13),(40,'Giorno A',14),(41,'Giorno B',14),(42,'Giorno C',14),(43,'Giorno A',15),(44,'Giorno B',15),(45,'Giorno C',15),(46,'Giorno A',16),(47,'Giorno B',16),(48,'Giorno C',16),(49,'Giorno A',17),(50,'Giorno B',17),(51,'Giorno C',17),(52,'Giorno A',18),(53,'Giorno B',18),(54,'Giorno C',18),(55,'Giorno A',19),(56,'Giorno B',19),(57,'Giorno C',19),(58,'Giorno A',20),(59,'Giorno B',20),(60,'Giorno C',20),(61,'Giorno A',21),(62,'Giorno B',21),(63,'Giorno C',21),(64,'Giorno A',22),(65,'Giorno B',22),(66,'Giorno C',22),(67,'Giorno A',23),(68,'Giorno B',23),(69,'Giorno C',23),(70,'Giorno A',24),(71,'Giorno B',24),(72,'Giorno C',24),(73,'Giorno A',25),(74,'Giorno B',25),(75,'Giorno C',25),(76,'Giorno A',26),(77,'Giorno B',26),(78,'Giorno C',26),(79,'Giorno A',27),(80,'Giorno B',27),(81,'Giorno C',27),(82,'Giorno A',28),(83,'Giorno B',28),(84,'Giorno C',28),(85,'Giorno A',29),(86,'Giorno B',29),(87,'Giorno C',29),(88,'Giorno A',30),(89,'Giorno B',30),(90,'Giorno C',30),(91,'Giorno A',31),(92,'Giorno B',31),(93,'Giorno C',31),(94,'Giorno A',32),(95,'Giorno B',32),(96,'Giorno C',32),(97,'Giorno A',33),(98,'Giorno B',33),(99,'Giorno C',33),(100,'Giorno A',34),(101,'Giorno B',34),(102,'Giorno C',34),(103,'Giorno A',35),(104,'Giorno B',35),(105,'Giorno C',35),(106,'Giorno A',36),(107,'Giorno B',36),(108,'Giorno C',36),(109,'Giorno A',37),(110,'Giorno B',37),(111,'Giorno C',37),(112,'Giorno A',38),(113,'Giorno B',38),(114,'Giorno C',38),(115,'Giorno A',39),(116,'Giorno B',39),(117,'Giorno C',39),(118,'Giorno A',40),(119,'Giorno B',40),(120,'Giorno C',40),(121,'Giorno A',41),(122,'Giorno B',41),(123,'Giorno C',41),(124,'Giorno A',42),(125,'Giorno B',42),(126,'Giorno C',42),(127,'Giorno A',43),(128,'Giorno B',43),(129,'Giorno C',43),(130,'Giorno A',44),(131,'Giorno B',44),(132,'Giorno C',44),(133,'Giorno A',45),(134,'Giorno B',45),(135,'Giorno C',45),(136,'Giorno A',46),(137,'Giorno B',46),(138,'Giorno C',46),(139,'Giorno A',47),(140,'Giorno B',47),(141,'Giorno C',47),(142,'Giorno A',48),(143,'Giorno B',48),(144,'Giorno C',48),(145,'Giorno A',49),(146,'Giorno B',49),(147,'Giorno C',49),(148,'Giorno A',50),(149,'Giorno B',50),(150,'Giorno C',50),(151,'Giorno A',51),(152,'Giorno B',51),(153,'Giorno C',51),(154,'Giorno A',52),(155,'Giorno B',52),(156,'Giorno C',52),(157,'Giorno A',53),(158,'Giorno B',53),(159,'Giorno C',53),(160,'Giorno A',54),(161,'Giorno B',54),(162,'Giorno C',54),(163,'Giorno A',55),(164,'Giorno B',55),(165,'Giorno C',55),(166,'Giorno A',56),(167,'Giorno B',56),(168,'Giorno C',56),(169,'Giorno A',57),(170,'Giorno B',57),(171,'Giorno C',57),(172,'Giorno A',58),(173,'Giorno B',58),(174,'Giorno C',58),(175,'Giorno A',59),(176,'Giorno B',59),(177,'Giorno C',59),(178,'Giorno A',60),(179,'Giorno B',60),(180,'Giorno C',60),(181,'Giorno A',61),(182,'Giorno B',61),(183,'Giorno C',61),(184,'Giorno A',62),(185,'Giorno B',62),(186,'Giorno C',62),(187,'Giorno A',63),(188,'Giorno B',63),(189,'Giorno C',63),(190,'Giorno A',64),(191,'Giorno B',64),(192,'Giorno C',64),(193,'Giorno A',65),(194,'Giorno B',65),(195,'Giorno C',65),(196,'Giorno A',66),(197,'Giorno B',66),(198,'Giorno C',66),(199,'Giorno A',67),(200,'Giorno B',67),(201,'Giorno C',67),(202,'Giorno A',68),(203,'Giorno B',68),(204,'Giorno C',68),(205,'Giorno A',69),(206,'Giorno B',69),(207,'Giorno C',69),(208,'Giorno A',70),(209,'Giorno B',70),(210,'Giorno C',70),(211,'Giorno A',71),(212,'Giorno B',71),(213,'Giorno C',71),(214,'Giorno A',72),(215,'Giorno B',72),(216,'Giorno C',72),(217,'Giorno A',73),(218,'Giorno B',73),(219,'Giorno C',73),(220,'Giorno A',74),(221,'Giorno B',74),(222,'Giorno C',74),(223,'Giorno A',75),(224,'Giorno B',75),(225,'Giorno C',75),(226,'Giorno A',76),(227,'Giorno B',76),(228,'Giorno C',76),(229,'Giorno A',77),(230,'Giorno B',77),(231,'Giorno C',77),(232,'Giorno A',78),(233,'Giorno B',78),(234,'Giorno C',78),(235,'Giorno A',79),(236,'Giorno B',79),(237,'Giorno C',79),(238,'Giorno A',80),(239,'Giorno B',80),(240,'Giorno C',80),(241,'Giorno A',81),(242,'Giorno B',81),(243,'Giorno C',81),(244,'Giorno A',82),(245,'Giorno B',82),(246,'Giorno C',82),(247,'Giorno A',83),(248,'Giorno B',83),(249,'Giorno C',83),(250,'Giorno A',84),(251,'Giorno B',84),(252,'Giorno C',84),(253,'Giorno A',85),(254,'Giorno B',85),(255,'Giorno C',85),(256,'Giorno A',86),(257,'Giorno B',86),(258,'Giorno C',86),(259,'Giorno A',87),(260,'Giorno B',87),(261,'Giorno C',87),(262,'Giorno A',88),(263,'Giorno B',88),(264,'Giorno C',88),(265,'Giorno A',89),(266,'Giorno B',89),(267,'Giorno C',89),(268,'Giorno A',90),(269,'Giorno B',90),(270,'Giorno C',90),(271,'Giorno A',91),(272,'Giorno B',91),(273,'Giorno C',91),(274,'Giorno A',92),(275,'Giorno B',92),(276,'Giorno C',92),(277,'Giorno A',93),(278,'Giorno B',93),(279,'Giorno C',93),(280,'Giorno A',94),(281,'Giorno B',94),(282,'Giorno C',94),(283,'Giorno A',95),(284,'Giorno B',95),(285,'Giorno C',95),(286,'Giorno A',96),(287,'Giorno B',96),(288,'Giorno C',96),(289,'Giorno A',97),(290,'Giorno B',97),(291,'Giorno C',97),(292,'Giorno A',98),(293,'Giorno B',98),(294,'Giorno C',98),(295,'Giorno A',99),(296,'Giorno B',99),(297,'Giorno C',99),(298,'Giorno A',100),(299,'Giorno B',100),(300,'Giorno C',100),(301,'Giorno A',101),(302,'Giorno B',101),(303,'Giorno C',101),(304,'Giorno A',102),(305,'Giorno B',102),(306,'Giorno C',102),(307,'Giorno A',103),(308,'Giorno B',103),(309,'Giorno C',103),(310,'Giorno A',104),(311,'Giorno B',104),(312,'Giorno C',104),(313,'Giorno A',105),(314,'Giorno B',105),(315,'Giorno C',105),(316,'Giorno A',106),(317,'Giorno B',106),(318,'Giorno C',106),(319,'Giorno A',107),(320,'Giorno B',107),(321,'Giorno C',107),(322,'Giorno A',108),(323,'Giorno B',108),(324,'Giorno C',108),(325,'Giorno A',109),(326,'Giorno B',109),(327,'Giorno C',109),(328,'Giorno A',110),(329,'Giorno B',110),(330,'Giorno C',110),(331,'Giorno A',111),(332,'Giorno B',111),(333,'Giorno C',111),(334,'Giorno A',112),(335,'Giorno B',112),(336,'Giorno C',112),(337,'Giorno A',113),(338,'Giorno B',113),(339,'Giorno C',113),(340,'Giorno A',114),(341,'Giorno B',114),(342,'Giorno C',114),(343,'Giorno A',115),(344,'Giorno B',115),(345,'Giorno C',115),(346,'Giorno A',116),(347,'Giorno B',116),(348,'Giorno C',116),(349,'Giorno A',117),(350,'Giorno B',117),(351,'Giorno C',117),(352,'Giorno A',118),(353,'Giorno B',118),(354,'Giorno C',118),(355,'Giorno A',119),(356,'Giorno B',119),(357,'Giorno C',119),(358,'Giorno A',120),(359,'Giorno B',120),(360,'Giorno C',120),(361,'Giorno A',121),(362,'Giorno B',121),(363,'Giorno C',121),(364,'Giorno A',122),(365,'Giorno B',122),(366,'Giorno C',122),(367,'Giorno A',123),(368,'Giorno B',123),(369,'Giorno C',123),(370,'Giorno A',124),(371,'Giorno B',124),(372,'Giorno C',124),(373,'Giorno A',125),(374,'Giorno B',125),(375,'Giorno C',125),(376,'Giorno A',126),(377,'Giorno B',126),(378,'Giorno C',126),(379,'Giorno A',127),(380,'Giorno B',127),(381,'Giorno C',127),(382,'Giorno A',128),(383,'Giorno B',128),(384,'Giorno C',128),(385,'Giorno A',129),(386,'Giorno B',129),(387,'Giorno C',129),(388,'Giorno A',130),(389,'Giorno B',130),(390,'Giorno C',130),(391,'Giorno A',131),(392,'Giorno B',131),(393,'Giorno C',131),(394,'Giorno A',132),(395,'Giorno B',132),(396,'Giorno C',132),(397,'Giorno A',133),(398,'Giorno B',133),(399,'Giorno C',133),(400,'Giorno A',134),(401,'Giorno B',134),(402,'Giorno C',134),(403,'Giorno A',135),(404,'Giorno B',135),(405,'Giorno C',135),(406,'Giorno A',136),(407,'Giorno B',136),(408,'Giorno C',136),(409,'Giorno A',137),(410,'Giorno B',137),(411,'Giorno C',137),(412,'Giorno A',138),(413,'Giorno B',138),(414,'Giorno C',138),(415,'Giorno A',139),(416,'Giorno B',139),(417,'Giorno C',139),(418,'Giorno A',140),(419,'Giorno B',140),(420,'Giorno C',140),(421,'Giorno A',141),(422,'Giorno B',141),(423,'Giorno C',141),(424,'Giorno A',142),(425,'Giorno B',142),(426,'Giorno C',142),(427,'Giorno A',143),(428,'Giorno B',143),(429,'Giorno C',143),(430,'Giorno A',144),(431,'Giorno B',144),(432,'Giorno C',144),(433,'Giorno A',145),(434,'Giorno B',145),(435,'Giorno C',145),(436,'Giorno A',146),(437,'Giorno B',146),(438,'Giorno C',146),(439,'Giorno A',147),(440,'Giorno B',147),(441,'Giorno C',147),(442,'Giorno A',148),(443,'Giorno B',148),(444,'Giorno C',148),(445,'Giorno A',149),(446,'Giorno B',149),(447,'Giorno C',149),(448,'Giorno A',150),(449,'Giorno B',150),(450,'Giorno C',150),(451,'Giorno A',151),(452,'Giorno B',151),(453,'Giorno C',151),(454,'Giorno A',152),(455,'Giorno B',152),(456,'Giorno C',152),(457,'Giorno A',153),(458,'Giorno B',153),(459,'Giorno C',153),(460,'Giorno A',154),(461,'Giorno B',154),(462,'Giorno C',154),(463,'Giorno A',155),(464,'Giorno B',155),(465,'Giorno C',155),(466,'Giorno A',156),(467,'Giorno B',156),(468,'Giorno C',156),(469,'Giorno A',157),(470,'Giorno B',157),(471,'Giorno C',157),(472,'Giorno A',158),(473,'Giorno B',158),(474,'Giorno C',158),(475,'Giorno A',159),(476,'Giorno B',159),(477,'Giorno C',159),(478,'Giorno A',160),(479,'Giorno B',160),(480,'Giorno C',160),(481,'Giorno A',161),(482,'Giorno B',161),(483,'Giorno C',161),(484,'Giorno A',162),(485,'Giorno B',162),(486,'Giorno C',162),(487,'Giorno A',163),(488,'Giorno B',163),(489,'Giorno C',163),(490,'Giorno A',164),(491,'Giorno B',164),(492,'Giorno C',164),(493,'Giorno A',165),(494,'Giorno B',165),(495,'Giorno C',165),(496,'Giorno A',166),(497,'Giorno B',166),(498,'Giorno C',166),(499,'Giorno A',167),(500,'Giorno B',167),(501,'Giorno C',167),(502,'Giorno A',168),(503,'Giorno B',168),(504,'Giorno C',168),(505,'Giorno A',169),(506,'Giorno B',169),(507,'Giorno C',169),(508,'Giorno A',170),(509,'Giorno B',170),(510,'Giorno C',170),(511,'Giorno A',171),(512,'Giorno B',171),(513,'Giorno C',171),(514,'Giorno A',172),(515,'Giorno B',172),(516,'Giorno C',172),(517,'Giorno A',173),(518,'Giorno B',173),(519,'Giorno C',173),(520,'Giorno A',174),(521,'Giorno B',174),(522,'Giorno C',174),(523,'Giorno A',175),(524,'Giorno B',175),(525,'Giorno C',175),(526,'Giorno A',176),(527,'Giorno B',176),(528,'Giorno C',176),(529,'Giorno A',177),(530,'Giorno B',177),(531,'Giorno C',177),(532,'Giorno A',178),(533,'Giorno B',178),(534,'Giorno C',178),(535,'Giorno A',179),(536,'Giorno B',179),(537,'Giorno C',179),(538,'Giorno A',180),(539,'Giorno B',180),(540,'Giorno C',180),(541,'Giorno A',181),(542,'Giorno B',181),(543,'Giorno C',181),(544,'Giorno A',182),(545,'Giorno B',182),(546,'Giorno C',182),(547,'Giorno A',183),(548,'Giorno B',183),(549,'Giorno C',183),(550,'Giorno A',184),(551,'Giorno B',184),(552,'Giorno C',184),(553,'Giorno A',185),(554,'Giorno B',185),(555,'Giorno C',185),(556,'Giorno A',186),(557,'Giorno B',186),(558,'Giorno C',186),(559,'Giorno A',187),(560,'Giorno B',187),(561,'Giorno C',187),(562,'Giorno A',188),(563,'Giorno B',188),(564,'Giorno C',188),(565,'Giorno A',189),(566,'Giorno B',189),(567,'Giorno C',189),(568,'Giorno A',190),(569,'Giorno B',190),(570,'Giorno C',190),(571,'Giorno A',191),(572,'Giorno B',191),(573,'Giorno C',191),(574,'Giorno A',192),(575,'Giorno B',192),(576,'Giorno C',192),(577,'Giorno A',193),(578,'Giorno B',193),(579,'Giorno C',193),(580,'Giorno A',194),(581,'Giorno B',194),(582,'Giorno C',194),(583,'Giorno A',195),(584,'Giorno B',195),(585,'Giorno C',195),(586,'Giorno A',196),(587,'Giorno B',196),(588,'Giorno C',196),(589,'Giorno A',197),(590,'Giorno B',197),(591,'Giorno C',197),(592,'Giorno A',198),(593,'Giorno B',198),(594,'Giorno C',198),(595,'Giorno A',199),(596,'Giorno B',199),(597,'Giorno C',199),(598,'Giorno A',200),(599,'Giorno B',200),(600,'Giorno C',200),(601,'Giorno A',201),(602,'Giorno B',201),(603,'Giorno C',201),(604,'Giorno A',202),(605,'Giorno B',202),(606,'Giorno C',202),(607,'Giorno A',203),(608,'Giorno B',203),(609,'Giorno C',203),(610,'Giorno A',204),(611,'Giorno B',204),(612,'Giorno C',204),(613,'Giorno A',205),(614,'Giorno B',205),(615,'Giorno C',205),(616,'Giorno A',206),(617,'Giorno B',206),(618,'Giorno C',206),(619,'Giorno A',207),(620,'Giorno B',207),(621,'Giorno C',207),(622,'Giorno A',208),(623,'Giorno B',208),(624,'Giorno C',208),(625,'Giorno A',209),(626,'Giorno B',209),(627,'Giorno C',209),(628,'Giorno A',210),(629,'Giorno B',210),(630,'Giorno C',210),(631,'Giorno A',211),(632,'Giorno B',211),(633,'Giorno C',211),(634,'Giorno A',212),(635,'Giorno B',212),(636,'Giorno C',212),(637,'Giorno A',213),(638,'Giorno B',213),(639,'Giorno C',213),(640,'Giorno A',214),(641,'Giorno B',214),(642,'Giorno C',214),(643,'Giorno A',215),(644,'Giorno B',215),(645,'Giorno C',215),(646,'Giorno A',216),(647,'Giorno B',216),(648,'Giorno C',216),(649,'Giorno A',217),(650,'Giorno B',217),(651,'Giorno C',217),(652,'Giorno A',218),(653,'Giorno B',218),(654,'Giorno C',218),(655,'Giorno A',219),(656,'Giorno B',219),(657,'Giorno C',219),(658,'Giorno A',220),(659,'Giorno B',220),(660,'Giorno C',220),(661,'Giorno A',221),(662,'Giorno B',221),(663,'Giorno C',221),(664,'Giorno A',222),(665,'Giorno B',222),(666,'Giorno C',222),(667,'Giorno A',223),(668,'Giorno B',223),(669,'Giorno C',223),(670,'Giorno A',224),(671,'Giorno B',224),(672,'Giorno C',224),(673,'Giorno A',225),(674,'Giorno B',225),(675,'Giorno C',225),(676,'Giorno A',226),(677,'Giorno B',226),(678,'Giorno C',226),(679,'Giorno A',227),(680,'Giorno B',227),(681,'Giorno C',227),(682,'Giorno A',228),(683,'Giorno B',228),(684,'Giorno C',228),(685,'Giorno A',229),(686,'Giorno B',229),(687,'Giorno C',229),(688,'Giorno A',230),(689,'Giorno B',230),(690,'Giorno C',230),(691,'Giorno A',231),(692,'Giorno B',231),(693,'Giorno C',231),(694,'Giorno A',232),(695,'Giorno B',232),(696,'Giorno C',232),(697,'Giorno A',233),(698,'Giorno B',233),(699,'Giorno C',233),(700,'Giorno A',234),(701,'Giorno B',234),(702,'Giorno C',234),(703,'Giorno A',235),(704,'Giorno B',235),(705,'Giorno C',235),(706,'Giorno A',236),(707,'Giorno B',236),(708,'Giorno C',236),(709,'Giorno A',237),(710,'Giorno B',237),(711,'Giorno C',237),(712,'Giorno A',238),(713,'Giorno B',238),(714,'Giorno C',238),(715,'Giorno A',239),(716,'Giorno B',239),(717,'Giorno C',239),(718,'Giorno A',240),(719,'Giorno B',240),(720,'Giorno C',240),(721,'Giorno A',241),(722,'Giorno B',241),(723,'Giorno C',241),(724,'Giorno A',242),(725,'Giorno B',242),(726,'Giorno C',242),(727,'Giorno A',243),(728,'Giorno B',243),(729,'Giorno C',243),(730,'Giorno A',244),(731,'Giorno B',244),(732,'Giorno C',244),(733,'Giorno A',245),(734,'Giorno B',245),(735,'Giorno C',245),(736,'Giorno A',246),(737,'Giorno B',246),(738,'Giorno C',246),(739,'Giorno A',247),(740,'Giorno B',247),(741,'Giorno C',247),(742,'Giorno A',248),(743,'Giorno B',248),(744,'Giorno C',248),(745,'Giorno A',249),(746,'Giorno B',249),(747,'Giorno C',249),(748,'Giorno A',250),(749,'Giorno B',250),(750,'Giorno C',250),(751,'Giorno A',251),(752,'Giorno B',251),(753,'Giorno C',251),(754,'Giorno A',252),(755,'Giorno B',252),(756,'Giorno C',252),(757,'Giorno A',253),(758,'Giorno B',253),(759,'Giorno C',253),(760,'Giorno A',254),(761,'Giorno B',254),(762,'Giorno C',254),(763,'Giorno A',255),(764,'Giorno B',255),(765,'Giorno C',255),(766,'Giorno A',256),(767,'Giorno B',256),(768,'Giorno C',256),(769,'Giorno A',257),(770,'Giorno B',257),(771,'Giorno C',257),(772,'Giorno A',258),(773,'Giorno B',258),(774,'Giorno C',258),(775,'Giorno A',259),(776,'Giorno B',259),(777,'Giorno C',259),(778,'Giorno A',260),(779,'Giorno B',260),(780,'Giorno C',260),(781,'Giorno A',261),(782,'Giorno B',261),(783,'Giorno C',261),(784,'Giorno A',262),(785,'Giorno B',262),(786,'Giorno C',262),(787,'Giorno A',263),(788,'Giorno B',263),(789,'Giorno C',263),(790,'Giorno A',264),(791,'Giorno B',264),(792,'Giorno C',264),(793,'Giorno A',265),(794,'Giorno B',265),(795,'Giorno C',265),(796,'Giorno A',266),(797,'Giorno B',266),(798,'Giorno C',266),(799,'Giorno A',267),(800,'Giorno B',267),(801,'Giorno C',267),(802,'Giorno A',268),(803,'Giorno B',268),(804,'Giorno C',268),(805,'Giorno A',269),(806,'Giorno B',269),(807,'Giorno C',269),(808,'Giorno A',270),(809,'Giorno B',270),(810,'Giorno C',270),(811,'Giorno A',271),(812,'Giorno B',271),(813,'Giorno C',271),(814,'Giorno A',272),(815,'Giorno B',272),(816,'Giorno C',272),(817,'Giorno A',273),(818,'Giorno B',273),(819,'Giorno C',273),(820,'Giorno A',274),(821,'Giorno B',274),(822,'Giorno C',274),(823,'Giorno A',275),(824,'Giorno B',275),(825,'Giorno C',275),(826,'Giorno A',276),(827,'Giorno B',276),(828,'Giorno C',276),(829,'Giorno A',277),(830,'Giorno B',277),(831,'Giorno C',277),(832,'Giorno A',278),(833,'Giorno B',278),(834,'Giorno C',278),(835,'Giorno A',279),(836,'Giorno B',279),(837,'Giorno C',279),(838,'Giorno A',280),(839,'Giorno B',280),(840,'Giorno C',280),(841,'Giorno A',281),(842,'Giorno B',281),(843,'Giorno C',281),(844,'Giorno A',282),(845,'Giorno B',282),(846,'Giorno C',282),(847,'Giorno A',283),(848,'Giorno B',283),(849,'Giorno C',283),(850,'Giorno A',284),(851,'Giorno B',284),(852,'Giorno C',284),(853,'Giorno A',285),(854,'Giorno B',285),(855,'Giorno C',285),(856,'Giorno A',286),(857,'Giorno B',286),(858,'Giorno C',286),(859,'Giorno A',287),(860,'Giorno B',287),(861,'Giorno C',287),(862,'Giorno A',288),(863,'Giorno B',288),(864,'Giorno C',288),(865,'Giorno A',289),(866,'Giorno B',289),(867,'Giorno C',289),(868,'Giorno A',290),(869,'Giorno B',290),(870,'Giorno C',290),(871,'Giorno A',291),(872,'Giorno B',291),(873,'Giorno C',291),(874,'Giorno A',292),(875,'Giorno B',292),(876,'Giorno C',292),(877,'Giorno A',293),(878,'Giorno B',293),(879,'Giorno C',293),(880,'Giorno A',294),(881,'Giorno B',294),(882,'Giorno C',294),(883,'Giorno A',295),(884,'Giorno B',295),(885,'Giorno C',295),(886,'Giorno A',296),(887,'Giorno B',296),(888,'Giorno C',296),(889,'Giorno A',297),(890,'Giorno B',297),(891,'Giorno C',297),(892,'Giorno A',298),(893,'Giorno B',298),(894,'Giorno C',298),(895,'Giorno A',299),(896,'Giorno B',299),(897,'Giorno C',299),(898,'Giorno A',300),(899,'Giorno B',300),(900,'Giorno C',300);
/*!40000 ALTER TABLE `sessione_allenamento` ENABLE KEYS */;
UNLOCK TABLES;

--
-- Table structure for table `utente`
--

DROP TABLE IF EXISTS `utente`;
/*!40101 SET @saved_cs_client     = @@character_set_client */;
/*!40101 SET character_set_client = utf8 */;
CREATE TABLE `utente` (
  `id_utente` int(11) NOT NULL AUTO_INCREMENT,
  `nome` varchar(32) NOT NULL,
  `cognome` varchar(32) NOT NULL,
  `data_nascita` date NOT NULL,
  `telefono` varchar(16) NOT NULL,
  `email` varchar(64) NOT NULL,
  `password` varchar(255) NOT NULL,
  `coach` int(11) DEFAULT NULL,
  PRIMARY KEY (`id_utente`),
  UNIQUE KEY `telefono` (`telefono`),
  UNIQUE KEY `email` (`email`),
  KEY `coach` (`coach`),
  CONSTRAINT `utente_ibfk_1` FOREIGN KEY (`coach`) REFERENCES `coach` (`id_coach`) ON DELETE SET NULL ON UPDATE CASCADE
) ENGINE=InnoDB AUTO_INCREMENT=101 DEFAULT CHARSET=utf8mb4 COLLATE=utf8mb4_general_ci;
/*!40101 SET character_set_client = @saved_cs_client */;

--
-- Dumping data for table `utente`
--

LOCK TABLES `utente` WRITE;
/*!40000 ALTER TABLE `utente` DISABLE KEYS */;
INSERT INTO `utente` VALUES (1,'Giuseppe','Emanuele','2006-03-11','3500215752','emanuelegiuseppe06@gmail.com','$2y$10$enEEA9nuwG9MpgIEZagoe.0JYSy/Mr.YR2lBIQWVzJq7qV9mwD40q',2),(2,'Giuseppe','Valore','2005-04-14','3247426495','giuseppevaloreo5@gmail.com','$2y$10$MyywUbI4sz88wOpvGV6O7uOQa24zq96O6Cvw/j9I/qE7b9b7SRllS',1),(3,'Andrea','Colombo','2003-05-15','3421798477','andrea2@gym.it','$2y$10$Oyr32zgZb/nFGhwEpRmLGO.XqajhkHSwa3/G7qRXUZRykzYCUx0ke',2),(4,'Matteo','Ricci','1993-05-15','3444734668','matteo3@gym.it','$2y$10$Pi6ozxa3xcAk6UOwsAEsXuOb2jzctjy3RNjS95gM/x/x8UjkmXxYC',5),(5,'Giulia','Marino','2001-05-15','3430557934','giulia4@gym.it','$2y$10$KwKtIS4MEXZ3ov0f17HzDuKc0c0ao5sX74m5zdURS.uJaX146TxLq',3),(6,'Sara','Greco','1998-05-15','3422610150','sara5@gym.it','$2y$10$Psip0jXRafc.PZVLe9z23eEVYWhBfM.foV0lQgLj.PlESN.oq/DOK',3),(7,'Chiara','Bruno','1998-05-15','3435543945','chiara6@gym.it','$2y$10$Va9BFR40dVUBhL6T.w0LiuzQ.3Iy9mCHPuiFWGvNMh7q2PZlQebim',2),(8,'Davide','Gallo','1994-05-15','3421909012','davide7@gym.it','$2y$10$2hssIYFHnO2tb67wmtpuL.e20w4mEFOL7puXZRF5J1IKvldLeZBYe',1),(9,'Simone','Conti','2004-05-15','3420399308','simone8@gym.it','$2y$10$ZJ364rg/loAajZuZ03pUjujj6N6Q0LqvomcepZXpVBvZKaOhM72oK',4),(10,'Martina','De Luca','2000-05-15','3443924572','martina9@gym.it','$2y$10$yMweumRfS8DScMFeRZLzTOFMILKvgGGm9c9JmVqDJRgDiwBneesHm',5),(11,'Giovanni','Costa','1994-05-15','3458424490','giovanni10@gym.it','$2y$10$oyYGttnY55/d3BkzfdImoOsvUHy6Gu47OlWYUy0uNbBGUaq9Hn3xy',5),(12,'Valentina','Giordano','1991-05-15','3434565478','valentina11@gym.it','$2y$10$8/KNpjCpBHS4N6Tud4VHs.ACG0HVzAP361WeNQmouynwNFDy3Nsdi',1),(13,'Federica','Rizzo','1992-05-15','3418355829','federica12@gym.it','$2y$10$yez89Habcj575vYR6emfZOkQ5oK3WjGdy6xIiZL9BaJBMjKzHT0QS',4),(14,'Nicola','Basso','2001-05-15','3453191913','nicola13@gym.it','$2y$10$fmnB6X.zRRzJSllBMtpZJOHjIdBB11Ds1NKOKFkJQOjkfdkZdKq7q',1),(15,'Elisa','Sartori','1991-05-15','3440297954','elisa14@gym.it','$2y$10$EvemupO7n8HfTLd0CaiGS.ErLz8DF1MpsCUJQAgP/9b9QQEPunEP6',3),(16,'Filippo','Rossi','1988-05-15','3435768063','filippo15@gym.it','$2y$10$BfInyMtpBlUyJqgXKwEtiO6MD6DoSZbVeB5MZw9i/Hsm8jsDyp8Oa',1),(17,'Alice','Bianchi','2001-05-15','3414113335','alice16@gym.it','$2y$10$Ce/rGYq/Ll0Drezy5XD43.fsrWhH2cr8Pku7s7QODPsH7aIIOs4jG',3),(18,'Riccardo','Rizzi','1992-05-15','3416378356','riccardo17@gym.it','$2y$10$YSfM9NQEmD5TbZIX1vZ3detNjW0AsX8fketUj9K3dkll5Alu3eLOi',3),(19,'Beatrice','Lombardi','1998-05-15','3421847672','beatrice18@gym.it','$2y$10$lgGzGYD00HACvm41SfderuLTZS9Q4WfVHUci0hWe1TvFKCuLHv9Nm',2),(20,'Emma','Mancini','1990-05-15','3429924867','emma19@gym.it','$2y$10$uRiVO783f1xHSG7xkLfSdes9.4MWbz4zK070lKJz8mJL/ndxMHfPm',1),(21,'Luca','Ferrari','1994-05-15','3431524431','luca20@gym.it','$2y$10$0pZvkHSoLXYOv6rIcyNk.uaLSdy0NQMoC3rvK8qzb9WUeLZI54uOy',1),(22,'Marco','Esposito','2003-05-15','3411250821','marco21@gym.it','$2y$10$1xOHhaxfBT7Wb7wcgiq0G.7QI6.DScqYREY80O/9fA5lpatfin5Ay',1),(23,'Andrea','Colombo','1990-05-15','3415525044','andrea22@gym.it','$2y$10$QNrJSTUV1aj4qwOotz3cD.Gzfw43yBE8idmGuR01AAlx9DfOP88ZS',4),(24,'Matteo','Ricci','2005-05-15','3470439067','matteo23@gym.it','$2y$10$.8rwzkOW78UYTjgSyZ87DOXvUFZveFMiOZqiFABhbI4sp7MpfqZly',4),(25,'Giulia','Marino','1985-05-15','3490612632','giulia24@gym.it','$2y$10$o53Esi9ZPHj9o3b8MX9CeeWaCZz7Iuu3yCnnnLQDO7AwYFRb1Kwja',5),(26,'Sara','Greco','1996-05-15','3479757322','sara25@gym.it','$2y$10$SErQBOcJuHieJJQzSGWjCebOeHvYJ2/VrYUaRdzz.0tD/4B4gpooi',1),(27,'Chiara','Bruno','1985-05-15','3479061784','chiara26@gym.it','$2y$10$Yucfr8jFmHKPnoNv2F9tTuqdpplefZ34xedChPOPDeQvL.xHYnIbm',3),(28,'Davide','Gallo','1994-05-15','3421477267','davide27@gym.it','$2y$10$QuzGkKmMfu.dPUGTAuZMm.0.h1o11tehsqrri2gpeRNoLgyDTowp2',1),(29,'Simone','Conti','2005-05-15','3494342585','simone28@gym.it','$2y$10$IjcYI00RXzgYq4Y3pf2CUevAEMxzATNf/NYyRthlQ5m7MC63z8dzy',5),(30,'Martina','De Luca','2005-05-15','3491237640','martina29@gym.it','$2y$10$CCSnGcraDwDFNRPt4j1x8ODuFlMh0v0Yi8RD7k4rUEKDGSuEcOvke',2),(31,'Giovanni','Costa','2000-05-15','3436139541','giovanni30@gym.it','$2y$10$r7FWPVUc8cla94FjhBfgYu5HDGZUXkftXzsCQghHnxGEeaao/vMbu',2),(32,'Valentina','Giordano','1985-05-15','3492125693','valentina31@gym.it','$2y$10$nCIg/76hN1HCWHvYq02z/.qXl2mMbvrFke6UNkSGfXLSWxTztHpPS',3),(33,'Federica','Rizzo','2002-05-15','3458377789','federica32@gym.it','$2y$10$4./ysLiBRMa0yoJc5EayH.r6s.hUdF756X/SIaUZgBzTkvC1CZ4HC',3),(34,'Nicola','Basso','2004-05-15','3491305799','nicola33@gym.it','$2y$10$irJ8oFU74ILskFlv7lV39.oRBmlRHRddFGFhZGDyPI9ufVt1DT/6y',5),(35,'Elisa','Sartori','2000-05-15','3442617738','elisa34@gym.it','$2y$10$qru9oW79TZ5NcQ/aQfTpVOniiiMzrRjoLg/z9h53alPYDww9IA8..',5),(36,'Filippo','Rossi','2004-05-15','3447331457','filippo35@gym.it','$2y$10$iUrV.7DezTdcBHPjKz9sOe7kNMX9ev33/cED3h9cQi6NpgX86BCo2',3),(37,'Alice','Bianchi','1998-05-15','3491112698','alice36@gym.it','$2y$10$Bdt4WPrNll6Z3eA25zv1YuUjSqKWczrwOslC6X56I5pERg9yUeBlu',1),(38,'Riccardo','Rizzi','1989-05-15','3456162443','riccardo37@gym.it','$2y$10$qTD3x/VbWX77y1qYQitvb.pi4qYLcO3sn2R1qSoUE7FjjP1Ry7ElS',5),(39,'Beatrice','Lombardi','1993-05-15','3451056114','beatrice38@gym.it','$2y$10$N2OxDPMH2tJ6nzQPpSAXQeeOQxKeTj1f5C9cdyYsVR6Z4bdQ882iu',2),(40,'Emma','Mancini','1989-05-15','3429827541','emma39@gym.it','$2y$10$79SDLn8TbjRTDRFBZFrrWOSlsai5O.7hD4BspfGdTtiFd0piUUxxG',4),(41,'Luca','Ferrari','1999-05-15','3437655458','luca40@gym.it','$2y$10$Oc57LpF5jZt5SfMH4YWGde6Qz6S8dQ3VJDaJ9m3HBPu6jhvTQZzxu',2),(42,'Marco','Esposito','1988-05-15','3470725028','marco41@gym.it','$2y$10$rUtdnjH.lE7jHKx3VEej6ugloZRUJnSK4I7yPpe8zvoeLZxXO/c8q',1),(43,'Andrea','Colombo','1994-05-15','3438799240','andrea42@gym.it','$2y$10$Kat.IjijS5nwO7NJOrTQSOHEbknqrVeuponcp9LbQC21PaBr3ii42',4),(44,'Matteo','Ricci','1998-05-15','3450745028','matteo43@gym.it','$2y$10$kye6KO2JZ1uRhSkiA00TmuxPxLqdEfMFOfEnS318WUh46W..9im72',5),(45,'Giulia','Marino','1987-05-15','3420393875','giulia44@gym.it','$2y$10$hZrAUtHe0PmwAHT6fwdgRO2z4mOm2829ZXaKmtRyBEHV5DakYa.9W',4),(46,'Sara','Greco','1996-05-15','3458875094','sara45@gym.it','$2y$10$AEEKhHsfJ0BhTC.2gyL7ne7H9oH0L9/Tebh4blC0Wi/SAVHJYaNdK',2),(47,'Chiara','Bruno','2004-05-15','3415255446','chiara46@gym.it','$2y$10$pedNp/S0vR.OmMtgIXErvu2iks//SX6wIGIZ7/0GLejZdytsAVAju',5),(48,'Davide','Gallo','2003-05-15','3490273002','davide47@gym.it','$2y$10$nWyMjGt05FaTVo.Z7u.aeeaDpiKVavPT3j143MR7zb5WYCUIMZUKG',2),(49,'Simone','Conti','1992-05-15','3478901030','simone48@gym.it','$2y$10$sGFATGsHMDzKOOE6rbtEL.qIpyimPlrZNQygJd7OoWx9sQ1WJmR6y',1),(50,'Martina','De Luca','2001-05-15','3425463525','martina49@gym.it','$2y$10$LU2IOFeR5SNTRvNjVuhjceuU04gBY0aToIYls9OqVAYy4wKoQUNuW',2),(51,'Giovanni','Costa','2005-05-15','3419867137','giovanni50@gym.it','$2y$10$ZCb8XB.cXBX6nq7xWn1gYugsL9WlMJBng5U4Axaf38.y8gEF5xeyi',5),(52,'Valentina','Giordano','1987-05-15','3494635369','valentina51@gym.it','$2y$10$Yr2YzRGtd10Nk1G7C1WDjep6PMzjPQWrX6EaklE2Fm8dZuyE4d8rG',2),(53,'Federica','Rizzo','1989-05-15','3484203560','federica52@gym.it','$2y$10$YB2O9GLEVN9uC9UgPwb7PeC4xj4udE.FNTI3hOG3UWFEEMHVY2xYS',4),(54,'Nicola','Basso','1999-05-15','3450760538','nicola53@gym.it','$2y$10$9DVkF9k/5yUgV5793S.zb.YTOzukxVol1NW/0Q.ku68jT4VNq1DUm',2),(55,'Elisa','Sartori','1996-05-15','3454809367','elisa54@gym.it','$2y$10$vBB.T8p/KR9Q9/szJ/ENVu/JXImg290eUebS/lNujaLedO66CeQpu',5),(56,'Filippo','Rossi','2002-05-15','3465844935','filippo55@gym.it','$2y$10$ag09L2iEWAveBK.BNL37ger/Sy.GFEXYgq9rn9XkJpo5PCeVEosYa',2),(57,'Alice','Bianchi','1991-05-15','3411616327','alice56@gym.it','$2y$10$6OrO3rH3T9Yq95q85RRCveUqEodGskmzUFuuHavla.Q84NEzbDIIq',2),(58,'Riccardo','Rizzi','1986-05-15','3497786276','riccardo57@gym.it','$2y$10$K6TnbOJfw.w6P0.uv1p6yeq/dg4FKWIsdHBze0UJbW6xR2HMCMpdW',3),(59,'Beatrice','Lombardi','1992-05-15','3415426967','beatrice58@gym.it','$2y$10$PXFkRagtwSvAPHganO5B0.Zgzd7AXFTNam.0pQksCwMXMy.Wd9QMC',3),(60,'Emma','Mancini','1990-05-15','3432583203','emma59@gym.it','$2y$10$x6Q0hJVsU7P3e3FGsZJecuU3g6GrRGXlbC8beOZ9AwhMB.WohgfJW',5),(61,'Luca','Ferrari','2004-05-15','3441488856','luca60@gym.it','$2y$10$02spGIzUF/2PxKcVoIqpuuWQKTbwnQhkrzjwbJzqRv/JIgVFh7LzW',5),(62,'Marco','Esposito','1995-05-15','3471827969','marco61@gym.it','$2y$10$WSqnPY4j0zfE7b50T6HiT.sM2e1DT1kV9fC264xanJAcLExqWIwQ2',3),(63,'Andrea','Colombo','2005-05-15','3410055826','andrea62@gym.it','$2y$10$yQHjxmhi9u/6gUIGykWQvOkQOKnQ1FhYjU76m6ZpkD9TtrN1fWFve',1),(64,'Matteo','Ricci','1993-05-15','3444109633','matteo63@gym.it','$2y$10$Wrs3sERea9NTrA7Z.P9lBuJ5urSJynxJdZOtvbyYowHT94X6GAeTu',3),(65,'Giulia','Marino','2002-05-15','3459247973','giulia64@gym.it','$2y$10$Ux9TKYQ/ffgTwBPzuy/wT.JudisIQ4zBmLpOLDvAyg63v7nNKWA/a',2),(66,'Sara','Greco','1986-05-15','3462516971','sara65@gym.it','$2y$10$6KaPDum8iqW4aQorou6frO2YuffohybYyvUTrMRax7l1jiDu6fjI.',2),(67,'Chiara','Bruno','1993-05-15','3422859039','chiara66@gym.it','$2y$10$s12nggw9QxhhMKbBrn9mq.kR7UlfP2Zw5.FXv0KGMt3g7bOJ9bADK',1),(68,'Davide','Gallo','1995-05-15','3428774182','davide67@gym.it','$2y$10$H23mrzrG03M9rj9ycL8ZGeu2lRwanXcX0dw7.QeJcrNdX3WS6tz/W',1),(69,'Simone','Conti','2001-05-15','3484188465','simone68@gym.it','$2y$10$TcK0DzbTcjYMWafcT3jWvuOEFAXEqi48oIieu47O38EuPjoPARaBi',4),(70,'Martina','De Luca','1992-05-15','3422571390','martina69@gym.it','$2y$10$9SVtFI3.UbnYmGO9mqG6ruQBdmiCF0LbkLozyMfS56qFuw/NAJU52',3),(71,'Giovanni','Costa','1985-05-15','3477633119','giovanni70@gym.it','$2y$10$bCvmmVImGqX9IQqQH3WIJ.HSecIFXQBzFMDqPgqIDOS8.VzGvU5a.',4),(72,'Valentina','Giordano','1999-05-15','3420626780','valentina71@gym.it','$2y$10$r8vHQlbxAKM0GAj4.WPDwul6kDT6ASJV8/Xt71DVc6cT.2PrXLgqm',5),(73,'Federica','Rizzo','1985-05-15','3463638783','federica72@gym.it','$2y$10$w7ZVS8Hqfbwov4oGJTyelu1UgL2zpFTUogCdq5WLKbsUdYKm.obG2',2),(74,'Nicola','Basso','1989-05-15','3488059061','nicola73@gym.it','$2y$10$MbE4YSCL2Os.DBGlQd6yK.zPBKUm8zxoHJC70Dl4v/M7ja.J5EF4e',5),(75,'Elisa','Sartori','2000-05-15','3458492668','elisa74@gym.it','$2y$10$kgdT9jauHed4RPQ48aoes.lDmXBFXYjPFW.e0MJCl6IQyn6AyQXW2',3),(76,'Filippo','Rossi','2003-05-15','3494768154','filippo75@gym.it','$2y$10$QIaS3XT8ClapB1git3rX4.3580bLD.9hhgQhNSoAlDaBbTEVXbLJG',2),(77,'Alice','Bianchi','2001-05-15','3427326244','alice76@gym.it','$2y$10$vUa/1Gj6F2dVbN0K.xiVb.LXEkiz322vN7o2eHurzLQ2qvhUDox1C',4),(78,'Riccardo','Rizzi','1989-05-15','3440248419','riccardo77@gym.it','$2y$10$.6RNFb/u2XLpMW5jWocy4ucvEL14aF8NRNNRQQxQaY50RlFooZni2',3),(79,'Beatrice','Lombardi','1992-05-15','3481335116','beatrice78@gym.it','$2y$10$pW3CxgDNRx2C9wf.kSFotuECYat6kS1BUvbS.nOLvEkugbAnpt.fy',1),(80,'Emma','Mancini','1998-05-15','3484103751','emma79@gym.it','$2y$10$Ph9a5MzU2giylt0xkN9kcOFuEgq7mdubrnuOFn6SoZ57zvpoxzT72',5),(81,'Luca','Ferrari','2002-05-15','3430566552','luca80@gym.it','$2y$10$TRNszbAsQ3nhD0uZMC1DFeU8IaRu57haysymeWEfXl0t0STXK/PIG',4),(82,'Marco','Esposito','1996-05-15','3412761880','marco81@gym.it','$2y$10$8hukP5QW7xN4MyfWCzr1VesOJ6ihasGp8VJQSxXtoo3NTJCsXMRDK',3),(83,'Andrea','Colombo','1998-05-15','3451221392','andrea82@gym.it','$2y$10$y0KIZBGOgkOXPKGshhH.QuNUDoy8oB.lT6BdwQN0NSYLN.j.dG/RS',4),(84,'Matteo','Ricci','1995-05-15','3478911715','matteo83@gym.it','$2y$10$wt4FbSg7N/wGx.Z0h9pGNuVP1Oqzm4VoXzyezhXzMDnW7SHsZFzWq',3),(85,'Giulia','Marino','2002-05-15','3474488740','giulia84@gym.it','$2y$10$/TE0EFOY3W0paNmpwf.fWuQ3bLlCnEGmO7.P5ZRdMCm3fjV7mKwu.',1),(86,'Sara','Greco','1985-05-15','3472012144','sara85@gym.it','$2y$10$lXG0O2O/63R30fxfRMI8SeQpzKvKdm3fTV3B11.1L0FdpUsr6s7Ru',2),(87,'Chiara','Bruno','1986-05-15','3490880700','chiara86@gym.it','$2y$10$sUiYgU6.XsHCrycgPu2ULOu/c3qmk90fE/joo5heJRabeVFm37OsC',1),(88,'Davide','Gallo','1990-05-15','3484717122','davide87@gym.it','$2y$10$K7OO7eTyqiKOqnWAl18TqemqOlQQcdCuvnxwKuKVTEDJ.Ukoo/m2S',4),(89,'Simone','Conti','1985-05-15','3430616321','simone88@gym.it','$2y$10$zrUIUv81LoNgMjcU1Tg06.49lWQfmRPFhdlmANADQEJKm1Fdj/jeO',5),(90,'Martina','De Luca','1997-05-15','3479501105','martina89@gym.it','$2y$10$wwR.V1jGAX4jDqnQ3tggw.EfF/iy17Qf0o3v65R899eboHZas/fXy',2),(91,'Giovanni','Costa','2002-05-15','3422354701','giovanni90@gym.it','$2y$10$P0F6i7XHDbSLr2/HOXjpRuZNEm1YNJE/kxRFjgL48XBYUYer6NRru',1),(92,'Valentina','Giordano','1986-05-15','3491315828','valentina91@gym.it','$2y$10$H/3IShjqnVQHBy95.7mYSOY9ihSxh2sndtIcMSFCzLQxlmizJSh5i',4),(93,'Federica','Rizzo','2005-05-15','3482231226','federica92@gym.it','$2y$10$7v6yhSjnxELQrkD/s6IDweImg20Q9rCSuqShQkMIGwkst1VgvtA4e',1),(94,'Nicola','Basso','1991-05-15','3443151905','nicola93@gym.it','$2y$10$/PzzAtpOWchOa8dhwrpt/eVurmr2l6aL5/2OZxYWY3.6dd8pNtc7W',1),(95,'Elisa','Sartori','1991-05-15','3425545493','elisa94@gym.it','$2y$10$yQsKLTA1ybNwUa/xQXUayuZQx2d.xfNgmD61sIqLpmSq9kSrVlthy',2),(96,'Filippo','Rossi','2005-05-15','3422095569','filippo95@gym.it','$2y$10$6VevGGOW0Dq9fokfP13xWuAqZzLrg78zwuHGYsKjU2V1RlFecd8pu',4),(97,'Alice','Bianchi','1985-05-15','3495202273','alice96@gym.it','$2y$10$Nfs2GqxA4YCawUfwh6etoe1K7SOhZKARZUZFE0wbGp.e32ynt/RM6',3),(98,'Riccardo','Rizzi','1999-05-15','3458725024','riccardo97@gym.it','$2y$10$G/gZNv3if9rltI2CiebbduGnnA/VBxgReLrVxqpgjh7tUqLViaGYS',2),(99,'Beatrice','Lombardi','1992-05-15','3462671348','beatrice98@gym.it','$2y$10$HNYRqtQ531TkweXEHHUi9.mHJGnLyS94wP7Xo9yVh.lLmy21Tmg3O',1),(100,'Emma','Mancini','2004-05-15','3426112701','emma99@gym.it','$2y$10$6LLozvVjTSW0x1Q7Uc0GAuhsA9Yv9qnKpO7OkiCR6cRY7qsFz7txW',5);
/*!40000 ALTER TABLE `utente` ENABLE KEYS */;
UNLOCK TABLES;
/*!40103 SET TIME_ZONE=@OLD_TIME_ZONE */;

/*!40101 SET SQL_MODE=@OLD_SQL_MODE */;
/*!40014 SET FOREIGN_KEY_CHECKS=@OLD_FOREIGN_KEY_CHECKS */;
/*!40014 SET UNIQUE_CHECKS=@OLD_UNIQUE_CHECKS */;
/*!40101 SET CHARACTER_SET_CLIENT=@OLD_CHARACTER_SET_CLIENT */;
/*!40101 SET CHARACTER_SET_RESULTS=@OLD_CHARACTER_SET_RESULTS */;
/*!40101 SET COLLATION_CONNECTION=@OLD_COLLATION_CONNECTION */;
/*!40111 SET SQL_NOTES=@OLD_SQL_NOTES */;

-- Dump completed on 2025-12-28 22:43:36
